Fx1,Fy1,Fz1,Tx1,Ty1,Tz1,Fx2,Fy2,Fz2,Tx2,Ty2,Tz2,Fx3,Fy3,Fz3,Tx3,Ty3,Tz3,Fx4,Fy4,Fz4,Tx4,Ty4,Tz4,Fx5,Fy5,Fz5,Tx5,Ty5,Tz5,Fx6,Fy6,Fz6,Tx6,Ty6,Tz6,Fx7,Fy7,Fz7,Tx7,Ty7,Tz7,Fx8,Fy8,Fz8,Tx8,Ty8,Tz8,Fx9,Fy9,Fz9,Tx9,Ty9,Tz9,Fx10,Fy10,Fz10,Tx10,Ty10,Tz10,Fx11,Fy11,Fz11,Tx11,Ty11,Tz11,Fx12,Fy12,Fz12,Tx12,Ty12,Tz12,Fx13,Fy13,Fz13,Tx13,Ty13,Tz13,Fx14,Fy14,Fz14,Tx14,Ty14,Tz14,Fx15,Fy15,Fz15,Tx15,Ty15,Tz15,Class
-21.325,7.925,62.65,4.025,-51.55,-6.825,-17.175,4.325,46.2,10.5,-34.95,1.6,-27.825,18.825,-86.475,3.025,-41.65,-5.575,-24.35,10.425,27.1,-4.3,-5.8,-6.475,-17.125,16.8,23.45,26,-18.125,-6.375,-12.625,-0.15,-4,22.65,-11.95,-5.975,-12.75,0,49.625,-3.75,-12.4,-1.725,-5.275,4.45,24.7,7.375,6.125,-3,10.05,1.625,77.425,-1.55,13.25,-1.775,-6.15,0.45,17.075,0.65,-11.325,-5.3,1.5,-2.625,10.8,-2,20.675,-4.475,23.525,-10.075,-93.25,6.175,-10.25,-4.375,-30.375,3.725,40.975,-3.075,-11.775,-4.025,13.5,-4.25,9.05,-19.8,0.675,-3.875,11.75,-6.625,18.75,-22.725,-15.7,-5.95,collision_in_part
2.825,7.925,62.65,4.025,0.55,-6.825,5.675,4.325,46.2,10.5,-13.05,-7.6,-4.675,-0.225,59.175,3.025,-5.95,-5.575,-2.45,10.425,27.1,-4.3,-5.8,3.675,12.325,-14.4,23.45,26,-18.125,5.475,-12.625,-0.15,164.8,22.65,-11.95,-5.975,-12.75,0,49.625,-3.75,-12.4,-7.675,-5.275,-11.85,24.7,7.375,6.125,-3,10.05,1.625,77.425,-1.55,-21.25,-1.775,-6.15,0.45,17.075,0.65,-11.325,0.9,1.5,-2.625,10.8,-2,-20.475,-4.475,23.525,11.375,88.25,6.175,-10.25,-4.375,-30.375,3.725,40.975,-3.075,-11.775,-4.025,13.5,-4.25,9.05,21,0.675,-3.875,11.75,-6.625,18.75,-22.725,-15.7,2.15,normal
2.825,7.925,-136.25,-85.875,-51.55,20.275,5.675,4.325,46.2,10.5,8.85,-7.6,-4.675,-0.225,59.175,3.025,-5.95,-5.575,-2.45,10.425,27.1,-4.3,-5.8,-6.475,-17.125,-14.4,23.45,26,-18.125,-6.375,-12.625,-0.15,-4,-21.25,-11.95,-5.975,-12.75,0,49.625,-3.75,4.8,-1.725,-5.275,4.45,24.7,7.375,6.125,-3,10.05,1.625,77.425,-1.55,13.25,-1.775,-6.15,0.45,17.075,0.65,-11.325,-5.3,1.5,-2.625,10.8,-2,20.675,-4.475,23.525,-10.075,88.25,6.175,-10.25,-4.375,-30.375,3.725,40.975,-3.075,-11.775,-4.025,13.5,-4.25,9.05,-19.8,0.675,-3.875,11.75,-6.625,18.75,-22.725,-15.7,-5.95,collision_in_tool
2.825,-8.925,62.65,4.025,0.55,-6.825,5.675,4.325,46.2,-30.5,-13.05,1.6,-4.675,-0.225,59.175,3.025,-5.95,-5.575,-2.45,-15.025,27.1,-4.3,-5.8,3.675,-17.125,16.8,23.45,-42,-18.125,-6.375,11.125,-0.15,164.8,22.65,-11.95,-5.975,-12.75,-14,49.625,-3.75,-12.4,-1.725,-5.275,4.45,24.7,-12.175,6.125,-3,10.05,-12.125,77.425,-1.55,-21.25,-1.775,-6.15,0.45,17.075,0.65,-11.325,-11.5,1.5,-2.625,10.8,-2,-20.475,-17.025,23.525,-10.075,88.25,6.175,-10.25,-4.375,-30.375,3.725,40.975,-3.075,-11.775,-4.025,13.5,-4.25,9.05,-19.8,-41.375,-3.875,11.75,-6.625,18.75,19.425,-15.7,-14.05,normal
-21.325,-8.925,62.65,4.025,-51.55,-6.825,-17.175,4.325,46.2,10.5,-34.95,1.6,-27.825,18.825,59.175,-39.525,-5.95,-5.575,-24.35,10.425,27.1,-4.3,-5.8,-6.475,-17.125,16.8,23.45,26,-18.125,-6.375,-12.625,-0.15,-4,22.65,-11.95,-5.975,-12.75,0,49.625,-3.75,-12.4,-1.725,-5.275,4.45,24.7,7.375,6.125,-3,10.05,1.625,-69.725,-1.55,13.25,-1.775,-6.15,0.45,17.075,0.65,-11.325,-5.3,1.5,-2.625,10.8,-2,-20.475,-4.475,23.525,11.375,88.25,6.175,-10.25,-4.375,-30.375,3.725,40.975,-3.075,-11.775,-4.025,13.5,-4.25,9.05,-19.8,0.675,-3.875,11.75,-6.625,18.75,19.425,20.1,-5.95,collision_in_part
2.825,7.925,62.65,4.025,0.55,6.725,5.675,4.325,46.2,10.5,-13.05,1.6,-4.675,-0.225,59.175,3.025,-5.95,4.075,-2.45,10.425,27.1,-4.3,-5.8,3.675,-17.125,-14.4,23.45,26,-18.125,5.475,-12.625,-0.15,-4,22.65,-11.95,9.175,-12.75,0,49.625,-3.75,4.8,4.225,-5.275,4.45,24.7,7.375,6.125,5.4,10.05,1.625,77.425,-1.55,13.25,-1.775,-6.15,0.45,17.075,0.65,-11.325,0.9,1.5,-2.625,10.8,-2,-20.475,8.075,23.525,11.375,88.25,6.175,-10.25,-4.375,-30.375,3.725,40.975,-3.075,-11.775,-4.025,13.5,-4.25,9.05,21,0.675,-3.875,11.75,-6.625,18.75,19.425,20.1,2.15,normal
26.975,-8.925,-136.25,4.025,0.55,6.725,5.675,-14.025,-123.4,10.5,8.85,1.6,18.475,-0.225,-86.475,45.575,-5.95,4.075,-2.45,-15.025,27.1,-4.3,-5.8,3.675,-17.125,-14.4,23.45,26,-18.125,5.475,11.125,-0.15,-4,22.65,-11.95,9.175,17.35,-14,49.625,16.75,4.8,4.225,-5.275,-11.85,24.7,7.375,6.125,-3,287.65,-25.875,-2276.975,215.15,-124.75,83.725,124.85,48.05,-126.775,-84.95,96.825,-5.3,95.5,38.675,10.8,-32,144.125,-4.475,90.675,-10.075,-93.25,6.175,135.25,-4.375,35.275,-19.225,40.975,29.975,74.525,-4.025,60.5,-31.35,9.05,61.8,42.725,-3.875,11.75,-35.875,18.75,61.575,20.1,2.15,bottom_obstruction
-21.325,-42.625,62.65,48.975,-51.55,-6.825,28.525,4.325,46.2,10.5,52.65,-7.6,41.625,-0.225,59.175,3.025,29.75,-5.575,41.35,-15.025,27.1,35.1,63.8,-6.475,41.775,-45.6,23.45,26,94.975,-6.375,34.875,-0.15,-4,22.65,42.25,-5.975,17.35,14,49.625,-3.75,39.2,-1.725,-5.275,4.45,24.7,7.375,6.125,-3,10.05,1.625,-69.725,-1.55,13.25,-1.775,6.95,0.45,17.075,0.65,-11.325,-5.3,1.5,-2.625,10.8,-2,-20.475,-4.475,23.525,-10.075,-93.25,6.175,-10.25,-4.375,-30.375,3.725,40.975,-3.075,-11.775,-4.025,13.5,-4.25,9.05,21,0.675,-3.875,11.75,-6.625,18.75,19.425,-15.7,-5.95,collision_in_part
2.825,-8.925,62.65,4.025,0.55,-6.825,5.675,4.325,46.2,-30.5,-13.05,-16.8,-4.675,-0.225,59.175,3.025,-5.95,-15.225,-2.45,10.425,27.1,-43.7,-5.8,-16.625,-17.125,-14.4,23.45,26,-18.125,-6.375,11.125,-0.15,-4,-21.25,-11.95,-5.975,-12.75,0,49.625,-24.25,-12.4,-1.725,-5.275,-11.85,24.7,-12.175,-33.725,-11.4,10.05,1.625,77.425,-21.25,-21.25,-10.325,-6.15,0.45,17.075,-31.45,-11.325,-5.3,1.5,-2.625,10.8,-32,-20.475,-4.475,23.525,-10.075,88.25,6.175,-10.25,-19.125,-30.375,3.725,40.975,-36.125,-11.775,-4.025,13.5,-4.25,9.05,-19.8,-41.375,-19.625,11.75,-6.625,18.75,-22.725,-15.7,-5.95,normal
51.125,-143.725,62.65,408.575,469.45,88.025,74.225,-87.425,46.2,51.5,52.65,1.6,64.775,-38.325,59.175,45.575,101.15,-5.575,63.25,10.425,27.1,-4.3,98.6,-6.475,71.225,16.8,23.45,-42,94.975,-6.375,34.875,21.95,164.8,-21.25,42.25,-5.975,-12.75,0,49.625,-24.25,-12.4,-13.625,-29.725,-11.85,24.7,-12.175,-33.725,-11.4,-24.65,1.625,77.425,-21.25,-55.75,-10.325,-32.35,0.45,17.075,-31.45,-47.375,-11.5,-45.5,-2.625,10.8,-2,-61.625,-4.475,23.525,-10.075,88.25,6.175,-10.25,-4.375,-30.375,3.725,40.975,-36.125,-11.775,-16.475,13.5,-4.25,9.05,-19.8,0.675,-3.875,11.75,-6.625,18.75,-22.725,-15.7,-22.15,collision_in_tool
26.975,-42.625,62.65,93.925,0.55,6.725,5.675,-32.375,46.2,51.5,30.75,-16.8,18.475,-19.275,59.175,3.025,-5.95,-5.575,-2.45,10.425,27.1,-4.3,-5.8,-6.475,12.325,16.8,23.45,-42,-18.125,-6.375,-12.625,-0.15,164.8,-21.25,-39.05,-5.975,-12.75,0,49.625,-24.25,-29.6,-13.625,-5.275,4.45,24.7,-12.175,-33.725,-11.4,-24.65,1.625,77.425,-21.25,-21.25,-18.875,-6.15,0.45,17.075,-10.05,-11.325,-11.5,1.5,-2.625,10.8,-2,-20.475,-17.025,23.525,-10.075,88.25,6.175,-10.25,-4.375,-30.375,3.725,40.975,-36.125,-11.775,-16.475,13.5,-4.25,9.05,-19.8,-41.375,-19.625,11.75,-6.625,18.75,-22.725,-15.7,-14.05,collision_in_tool
2.825,7.925,62.65,4.025,0.55,6.725,5.675,4.325,46.2,10.5,-13.05,1.6,-27.825,75.975,-814.725,-167.175,279.65,52.325,-68.15,86.775,-1570.9,-122.5,446.6,54.425,-164.375,110.4,-2148.85,-178,377.725,29.175,-250.125,88.25,-2536,-109.05,313.25,-5.975,-373.95,84,-2699.875,-106.25,108,-55.275,-249.775,102.25,-2578.1,-129.475,285.075,-11.4,-371.65,84.125,-2718.425,-100.05,116.75,-53.075,6.95,-11.45,-126.775,-10.05,24.725,7.1,1.5,-2.625,-155.6,-2,20.675,-4.475,23.525,-10.075,-93.25,6.175,38.25,10.375,35.275,-19.225,-129.075,-3.075,31.375,-4.025,13.5,-4.25,-156.85,-19.8,0.675,-3.875,11.75,-6.625,-133.75,-22.725,20.1,2.15,bottom_obstruction
-117.925,41.625,-136.25,4.025,-207.85,-20.375,-85.725,-14.025,46.2,10.5,-122.55,-16.8,-50.975,-0.225,59.175,3.025,-41.65,4.075,-46.25,35.875,27.1,-83.1,-40.6,3.675,-46.575,16.8,23.45,-42,-74.675,-6.375,-12.625,-0.15,-4,22.65,15.15,-5.975,-12.75,0,49.625,-3.75,4.8,-1.725,-5.275,4.45,24.7,7.375,6.125,-3,10.05,1.625,77.425,-1.55,13.25,-1.775,-6.15,0.45,17.075,0.65,-11.325,0.9,1.5,-2.625,10.8,-2,20.675,-4.475,23.525,-10.075,88.25,6.175,-10.25,-4.375,-30.375,3.725,40.975,-3.075,-11.775,-4.025,13.5,-4.25,9.05,-19.8,0.675,-3.875,11.75,-6.625,18.75,19.425,20.1,-5.95,collision_in_tool
147.725,-126.875,62.65,273.725,208.95,33.825,51.375,-50.725,46.2,51.5,96.45,-7.6,18.475,18.825,59.175,3.025,29.75,4.075,19.45,10.425,27.1,-43.7,-5.8,3.675,12.325,16.8,23.45,-42,-18.125,-6.375,-12.625,-0.15,164.8,-21.25,-11.95,-5.975,-12.75,-14,49.625,-3.75,-29.6,-1.725,-5.275,-11.85,24.7,7.375,-33.725,-3,10.05,-12.125,77.425,-1.55,-21.25,-10.325,-6.15,0.45,17.075,-20.75,-11.325,-5.3,1.5,-2.625,10.8,-2,-20.475,-17.025,23.525,-10.075,88.25,6.175,-10.25,-4.375,-30.375,3.725,40.975,-3.075,-11.775,-4.025,13.5,-4.25,9.05,-19.8,-41.375,-3.875,11.75,-6.625,18.75,19.425,-15.7,-14.05,collision_in_tool
2.825,7.925,62.65,4.025,0.55,6.725,5.675,4.325,46.2,10.5,-13.05,1.6,-4.675,-0.225,59.175,3.025,-5.95,4.075,-2.45,10.425,27.1,-4.3,-5.8,3.675,12.325,-14.4,23.45,26,-18.125,5.475,11.125,-0.15,-4,22.65,-11.95,-5.975,-12.75,0,49.625,-3.75,-12.4,-1.725,-5.275,4.45,24.7,7.375,6.125,-3,10.05,1.625,77.425,-1.55,-21.25,-1.775,-6.15,0.45,17.075,0.65,-11.325,0.9,1.5,-2.625,10.8,-2,-20.475,-4.475,23.525,-10.075,88.25,6.175,-10.25,-4.375,-30.375,3.725,40.975,-3.075,-11.775,-4.025,13.5,-4.25,9.05,21,0.675,-3.875,11.75,-6.625,18.75,19.425,-15.7,-5.95,normal
2.825,7.925,62.65,4.025,0.55,6.725,5.675,4.325,46.2,10.5,8.85,1.6,-4.675,-0.225,59.175,3.025,-5.95,4.075,-2.45,10.425,27.1,-4.3,-5.8,3.675,12.325,16.8,23.45,26,-18.125,5.475,11.125,-0.15,-4,22.65,15.15,9.175,-12.75,0,49.625,-3.75,4.8,4.225,19.175,4.45,24.7,7.375,-33.725,-3,10.05,1.625,-69.725,-1.55,-21.25,-1.775,6.95,0.45,17.075,0.65,-11.325,0.9,1.5,-2.625,10.8,-2,-20.475,-4.475,23.525,11.375,-93.25,6.175,-10.25,-4.375,35.275,3.725,40.975,-3.075,-11.775,8.425,13.5,-4.25,9.05,-19.8,0.675,-3.875,11.75,-6.625,18.75,19.425,-15.7,2.15,bottom_collision
-45.475,7.925,62.65,-40.925,-103.65,-20.375,-40.025,22.675,46.2,-30.5,-56.85,1.6,-50.975,18.825,59.175,-39.525,-41.65,-5.575,-24.35,10.425,27.1,-43.7,-5.8,-6.475,-17.125,16.8,23.45,-42,-18.125,-6.375,-12.625,-0.15,-4,-21.25,15.15,-5.975,-12.75,0,49.625,-3.75,4.8,-1.725,-5.275,4.45,24.7,-12.175,6.125,-3,10.05,1.625,-69.725,-1.55,13.25,-1.775,-6.15,0.45,17.075,0.65,24.725,0.9,1.5,-2.625,10.8,-2,20.675,-4.475,23.525,-10.075,-93.25,6.175,-10.25,-4.375,35.275,-19.225,-129.075,-3.075,31.375,-4.025,13.5,-4.25,-156.85,21,42.725,-3.875,11.75,-6.625,-133.75,19.425,20.1,-5.95,collision_in_part
51.125,-143.725,62.65,408.575,469.45,88.025,74.225,-32.375,46.2,51.5,96.45,-7.6,64.775,-76.425,59.175,45.575,29.75,4.075,63.25,10.425,27.1,-4.3,98.6,-6.475,71.225,16.8,23.45,-42,94.975,-6.375,34.875,21.95,164.8,-21.25,42.25,-5.975,-12.75,-14,49.625,-3.75,-46.8,-13.625,-5.275,4.45,24.7,-12.175,6.125,-11.4,-24.65,1.625,77.425,-21.25,-55.75,-10.325,-32.35,0.45,17.075,-31.45,-47.375,-11.5,1.5,-2.625,10.8,-2,-20.475,-4.475,-43.625,-10.075,88.25,6.175,-58.75,-4.375,-30.375,3.725,40.975,-36.125,-11.775,-16.475,13.5,-4.25,9.05,-19.8,0.675,-19.625,11.75,-6.625,18.75,-22.725,-15.7,-14.05,collision_in_part
26.975,-25.775,-136.25,-85.875,-51.55,-6.825,28.525,-32.375,-293,-71.5,-78.75,1.6,41.625,-38.325,-232.125,-39.525,-77.35,4.075,41.35,-40.475,-132.7,-43.7,-75.4,3.675,41.775,-45.6,-143.65,-42,-18.125,5.475,34.875,-44.35,-172.8,-21.25,-39.05,9.175,47.45,-42,-255.875,-44.75,-46.8,4.225,-29.725,4.45,-119.9,66.025,125.675,-11.4,-24.65,1.625,-69.725,77.25,116.75,-18.875,-19.25,0.45,-126.775,86.25,96.825,-23.9,1.5,-23.275,-654.8,148,226.425,-17.025,23.525,-52.975,-1363.75,201.625,377.75,-48.625,-30.375,3.725,-129.075,63.025,31.375,-4.025,13.5,-4.25,-156.85,61.8,42.725,-3.875,11.75,22.625,-133.75,103.725,55.9,-5.95,bottom_collision
2.825,-42.625,-534.05,138.875,0.55,-20.375,28.525,-69.075,-801.8,133.5,-13.05,-26,87.925,-95.475,-1688.625,130.675,-5.95,-15.225,172.75,-142.275,-2529.7,153.3,-40.6,-36.925,218.475,-170.4,-2984.35,162,-18.125,-30.075,201.125,-176.95,-2873.6,154.35,-39.05,-21.125,197.95,-182,-2852.625,139.75,-29.6,-19.575,214.775,-174.85,-2722.7,124.675,-33.725,-11.4,218.25,-177.125,-2718.425,116.65,-21.25,-10.325,203.45,-178.05,-2716.075,107.65,-11.325,-11.5,189.5,-188.475,-2818,118,-20.475,-17.025,224.975,-181.675,-2815.75,136.475,-10.25,-4.375,232.225,-179.875,-2849.875,129.125,-11.775,-16.475,201.5,-193.95,-2811.25,102.6,-41.375,-3.875,215.25,-182.125,-2726.25,103.725,-15.7,-14.05,bottom_obstruction
26.975,41.625,62.65,-85.875,0.55,-20.375,5.675,4.325,46.2,-30.5,-13.05,-7.6,-4.675,-19.275,59.175,3.025,-5.95,-5.575,-2.45,10.425,27.1,-43.7,-5.8,-6.475,-17.125,-14.4,23.45,-42,-18.125,-6.375,11.125,-0.15,-4,-21.25,-11.95,-5.975,-12.75,0,49.625,-24.25,-29.6,-7.675,-5.275,4.45,24.7,-31.725,-33.725,-11.4,10.05,1.625,77.425,-21.25,-21.25,-10.325,-6.15,0.45,17.075,-20.75,-11.325,-11.5,1.5,-2.625,10.8,-32,-20.475,-4.475,23.525,-10.075,88.25,6.175,-10.25,-4.375,-30.375,-19.225,40.975,29.975,-11.775,-16.475,13.5,-4.25,9.05,-19.8,-41.375,-3.875,11.75,-6.625,18.75,-22.725,-15.7,-5.95,collision_in_tool
2.825,-8.925,62.65,4.025,0.55,6.725,5.675,4.325,46.2,10.5,-13.05,1.6,-4.675,-0.225,59.175,3.025,-5.95,4.075,-2.45,10.425,27.1,-4.3,-5.8,3.675,-17.125,-14.4,23.45,26,-18.125,5.475,-12.625,-0.15,-4,22.65,15.15,-5.975,-12.75,0,49.625,-3.75,4.8,4.225,-5.275,4.45,24.7,7.375,6.125,5.4,10.05,1.625,-69.725,-1.55,13.25,6.775,-6.15,0.45,17.075,0.65,24.725,0.9,1.5,-2.625,10.8,-2,20.675,8.075,23.525,-10.075,-93.25,6.175,-10.25,-4.375,-30.375,3.725,40.975,-3.075,31.375,-4.025,-33.5,-4.25,9.05,-19.8,0.675,-3.875,-28.95,-6.625,18.75,19.425,20.1,2.15,bottom_collision
-45.475,-8.925,62.65,4.025,-155.75,-47.475,-17.175,4.325,46.2,10.5,-34.95,-7.6,-4.675,18.825,59.175,-39.525,-5.95,-5.575,-2.45,-15.025,27.1,-4.3,-5.8,-6.475,12.325,-14.4,23.45,26,-18.125,-6.375,-12.625,-0.15,-4,-21.25,-11.95,-5.975,-12.75,0,49.625,-3.75,4.8,-1.725,-5.275,4.45,24.7,7.375,6.125,-3,10.05,1.625,77.425,-1.55,13.25,-1.775,-6.15,0.45,17.075,0.65,-11.325,-5.3,1.5,-2.625,10.8,-2,20.675,-4.475,23.525,-10.075,88.25,6.175,-10.25,-4.375,-30.375,3.725,40.975,-3.075,-11.775,-4.025,13.5,-4.25,9.05,-19.8,0.675,-3.875,11.75,-6.625,18.75,-22.725,20.1,-5.95,collision_in_part
2.825,7.925,62.65,-40.925,0.55,-6.825,5.675,4.325,46.2,10.5,-13.05,1.6,-4.675,-0.225,59.175,3.025,-5.95,-5.575,-2.45,10.425,27.1,-4.3,-5.8,-6.475,-17.125,-14.4,23.45,26,-18.125,-6.375,-12.625,-0.15,164.8,-21.25,-39.05,-5.975,-12.75,0,49.625,-24.25,-29.6,-7.675,-5.275,-11.85,24.7,7.375,-33.725,-3,10.05,1.625,77.425,-21.25,-21.25,-10.325,6.95,0.45,17.075,0.65,-11.325,-5.3,1.5,-2.625,10.8,-2,-20.475,-4.475,23.525,-10.075,88.25,6.175,-10.25,-4.375,-30.375,3.725,40.975,-3.075,-11.775,-16.475,13.5,-4.25,9.05,-19.8,-41.375,-3.875,11.75,-6.625,18.75,-22.725,-15.7,-5.95,normal
51.125,-8.925,-136.25,48.975,-51.55,6.725,51.375,-14.025,-123.4,51.5,-34.95,20,18.475,18.825,-86.475,3.025,-41.65,-15.225,19.45,10.425,-132.7,-4.3,-5.8,3.675,12.325,16.8,-143.65,26,-18.125,-6.375,11.125,-0.15,-4,-21.25,-11.95,-5.975,47.45,14,-255.875,-24.25,39.2,-7.675,-5.275,-11.85,24.7,7.375,6.125,-3,10.05,1.625,-69.725,-1.55,-21.25,-1.775,-45.45,-11.45,-126.775,-20.75,-11.325,13.3,-45.5,-2.625,-155.6,-62,-20.475,8.075,-43.625,-10.075,-274.75,-58.975,-10.25,10.375,-30.375,3.725,-129.075,29.975,-54.925,-4.025,13.5,-4.25,-156.85,21,42.725,11.875,11.75,-6.625,-438.75,61.575,55.9,2.15,bottom_collision
-21.325,7.925,62.65,4.025,0.55,-6.825,-17.175,4.325,46.2,10.5,-13.05,1.6,-4.675,-0.225,59.175,3.025,-5.95,-5.575,-2.45,10.425,27.1,-4.3,-5.8,-6.475,-17.125,-14.4,23.45,26,-18.125,-6.375,11.125,-0.15,-4,22.65,15.15,-5.975,-12.75,0,49.625,-3.75,4.8,-1.725,-5.275,4.45,24.7,7.375,6.125,-3,10.05,1.625,-69.725,-1.55,13.25,-1.775,-6.15,0.45,17.075,0.65,-11.325,-5.3,1.5,-2.625,10.8,-2,20.675,-4.475,23.525,11.375,88.25,6.175,-10.25,-4.375,-30.375,3.725,40.975,-3.075,-11.775,-4.025,13.5,-4.25,9.05,21,0.675,-3.875,11.75,-6.625,18.75,19.425,20.1,-5.95,collision_in_tool
-21.325,24.775,62.65,4.025,0.55,-20.375,28.525,-32.375,46.2,51.5,30.75,-7.6,18.475,-19.275,59.175,45.575,-5.95,-15.225,19.45,10.425,27.1,-4.3,-5.8,-16.625,12.325,16.8,23.45,-42,38.425,-18.225,11.125,-0.15,164.8,-21.25,-11.95,-5.975,-12.75,-14,49.625,-3.75,-29.6,-7.675,-5.275,4.45,24.7,-12.175,-33.725,-11.4,-24.65,1.625,77.425,-21.25,-21.25,-10.325,-6.15,-11.45,17.075,-10.05,-47.375,-11.5,1.5,-2.625,10.8,-2,-20.475,-4.475,23.525,-10.075,88.25,6.175,-10.25,-4.375,-30.375,3.725,40.975,-36.125,-11.775,-4.025,13.5,-4.25,9.05,-19.8,-41.375,-3.875,11.75,-6.625,18.75,-22.725,-15.7,-5.95,collision_in_tool
171.875,75.325,62.65,228.775,208.95,6.725,142.775,41.025,46.2,-71.5,184.05,-26,111.075,37.875,59.175,-82.075,136.85,-5.575,85.15,61.325,27.1,-122.5,133.4,-6.475,12.325,16.8,23.45,-42,38.425,-6.375,-12.625,-22.25,164.8,22.65,-39.05,-5.975,-12.75,-14,49.625,16.75,-12.4,-7.675,-29.725,-28.15,24.7,26.925,-33.725,-3,-24.65,-12.125,77.425,-1.55,-55.75,-10.325,-19.25,0.45,17.075,-10.05,-47.375,-11.5,1.5,-2.625,10.8,-2,-20.475,-4.475,23.525,-10.075,88.25,6.175,-10.25,-4.375,-30.375,3.725,40.975,-36.125,-11.775,-4.025,13.5,-4.25,9.05,21,0.675,-3.875,11.75,-6.625,18.75,-22.725,-15.7,-14.05,collision_in_part
26.975,-25.775,62.65,-130.825,104.75,20.275,28.525,4.325,46.2,10.5,96.45,-7.6,41.625,-0.225,59.175,3.025,65.45,-5.575,41.35,-40.475,27.1,74.5,63.8,-6.475,12.325,-14.4,23.45,26,38.425,-6.375,11.125,-0.15,-4,-21.25,15.15,-5.975,-12.75,0,49.625,-3.75,4.8,-1.725,-5.275,4.45,24.7,7.375,6.125,-3,10.05,1.625,77.425,-1.55,13.25,-1.775,-6.15,0.45,17.075,0.65,-11.325,-5.3,1.5,-2.625,10.8,-2,-20.475,-4.475,23.525,-10.075,88.25,6.175,-10.25,-4.375,-30.375,3.725,40.975,-3.075,-11.775,-4.025,13.5,-4.25,9.05,21,0.675,-3.875,11.75,-6.625,18.75,19.425,-15.7,-5.95,collision_in_part
2.825,7.925,62.65,4.025,0.55,-6.825,5.675,-14.025,46.2,10.5,-13.05,-7.6,-4.675,-0.225,59.175,-39.525,-5.95,-5.575,-2.45,10.425,27.1,-4.3,-5.8,-6.475,12.325,-14.4,23.45,26,-18.125,-6.375,-12.625,-0.15,-4,-21.25,-11.95,-5.975,-12.75,-14,49.625,16.75,-12.4,-7.675,-5.275,-11.85,24.7,7.375,-33.725,-3,10.05,1.625,77.425,-21.25,-21.25,-1.775,-6.15,-11.45,17.075,11.35,-11.325,0.9,1.5,-2.625,10.8,-2,-20.475,-4.475,23.525,11.375,88.25,6.175,-10.25,-4.375,-30.375,-19.225,40.975,-3.075,-11.775,-4.025,13.5,-4.25,9.05,-19.8,-41.375,-3.875,11.75,22.625,18.75,-22.725,-15.7,-5.95,normal
-21.325,-25.775,62.65,48.975,-51.55,-20.375,-17.175,-14.025,46.2,10.5,-34.95,1.6,-27.825,-0.225,59.175,3.025,-41.65,-5.575,-24.35,-15.025,27.1,-4.3,-40.6,-6.475,-17.125,-14.4,23.45,26,-18.125,-6.375,11.125,-0.15,-4,-21.25,15.15,9.175,17.35,0,49.625,-3.75,4.8,4.225,-5.275,-11.85,24.7,7.375,6.125,-11.4,10.05,1.625,77.425,-1.55,13.25,-1.775,-6.15,0.45,17.075,11.35,-11.325,0.9,1.5,-2.625,10.8,-2,-20.475,8.075,23.525,11.375,88.25,6.175,-10.25,-4.375,-30.375,3.725,40.975,-3.075,-11.775,-4.025,13.5,-4.25,9.05,21,0.675,-3.875,11.75,-6.625,18.75,-22.725,20.1,-5.95,collision_in_part
2.825,-8.925,62.65,4.025,0.55,6.725,5.675,4.325,46.2,10.5,8.85,1.6,-4.675,-0.225,59.175,3.025,-5.95,4.075,-2.45,10.425,27.1,-4.3,-5.8,3.675,12.325,16.8,23.45,-42,-18.125,-6.375,11.125,-0.15,-4,-21.25,-11.95,-5.975,17.35,14,-103.125,-3.75,-12.4,-1.725,-5.275,4.45,-119.9,-12.175,-33.725,-3,10.05,1.625,-216.875,18.15,-21.25,6.775,6.95,0.45,-126.775,11.35,-11.325,7.1,1.5,-2.625,-155.6,-2,20.675,8.075,23.525,11.375,-456.25,136.475,-10.25,25.125,100.925,3.725,-1149.375,294.375,-98.075,45.775,154.5,-4.25,-1981.75,510.6,-167.525,59.125,174.55,81.125,-2421.25,440.925,-230.5,66.95,bottom_obstruction
99.425,7.925,261.55,-400.525,729.95,-115.225,51.375,22.675,46.2,10.5,30.75,47.6,18.475,18.825,59.175,-39.525,29.75,-5.575,19.45,10.425,27.1,-4.3,29,-6.475,12.325,16.8,23.45,-42,38.425,-6.375,11.125,-0.15,164.8,-21.25,-11.95,-5.975,-12.75,-14,49.625,-3.75,-12.4,-7.675,-5.275,4.45,24.7,-12.175,-33.725,-3,-24.65,-12.125,77.425,-1.55,-21.25,-10.325,-6.15,-11.45,17.075,0.65,-11.325,-5.3,1.5,-2.625,10.8,-2,-20.475,-4.475,23.525,-10.075,88.25,6.175,-10.25,-4.375,-30.375,3.725,40.975,-3.075,-11.775,-4.025,13.5,-4.25,9.05,-19.8,0.675,-3.875,11.75,-6.625,18.75,-22.725,-15.7,-5.95,collision_in_tool
2.825,-8.925,-136.25,-40.925,0.55,6.725,5.675,-14.025,-123.4,-30.5,52.65,1.6,18.475,-0.225,-232.125,-39.525,65.45,-15.225,19.45,-15.025,-132.7,-43.7,63.8,-16.625,12.325,-14.4,-143.65,94,38.425,17.325,106.125,-154.85,-4,242.15,69.35,39.475,77.55,-70,49.625,119.25,56.4,-25.525,116.975,-28.15,24.7,7.375,165.525,5.4,114.15,-39.625,-69.725,37.85,116.75,6.775,72.45,-35.25,17.075,54.15,96.825,0.9,48.5,-23.275,10.8,28,61.825,8.075,23.525,11.375,-93.25,6.175,-10.25,-4.375,-30.375,3.725,40.975,-3.075,-11.775,-4.025,13.5,-4.25,9.05,-19.8,0.675,-3.875,11.75,-6.625,18.75,-22.725,-15.7,2.15,bottom_collision
2.825,7.925,62.65,4.025,0.55,6.725,5.675,4.325,46.2,10.5,-13.05,1.6,-4.675,-0.225,59.175,3.025,-5.95,4.075,-2.45,10.425,27.1,-4.3,-5.8,3.675,12.325,16.8,23.45,26,-18.125,5.475,11.125,-0.15,-4,22.65,-11.95,-5.975,-12.75,0,49.625,-3.75,-12.4,-1.725,-5.275,4.45,24.7,7.375,6.125,-3,10.05,1.625,77.425,-1.55,-21.25,-1.775,-6.15,0.45,17.075,0.65,-11.325,0.9,1.5,-2.625,10.8,-2,-20.475,-4.475,23.525,-10.075,88.25,6.175,-10.25,-4.375,-30.375,3.725,40.975,-3.075,-11.775,-4.025,13.5,-4.25,9.05,21,0.675,-3.875,11.75,-6.625,18.75,19.425,-15.7,2.15,normal
26.975,-42.625,-136.25,-40.925,-103.65,20.275,5.675,-32.375,-123.4,-30.5,-100.65,10.8,18.475,-38.325,-86.475,-39.525,-77.35,13.725,19.45,-40.475,-132.7,-43.7,-110.2,13.825,12.325,-45.6,-143.65,-42,-74.675,17.325,34.875,-44.35,-172.8,-21.25,-93.25,9.175,17.35,-42,-255.875,-44.75,-81.2,10.175,92.525,-109.65,-2144.3,144.225,85.825,-145.8,-24.65,15.375,77.425,-40.95,13.25,23.875,20.05,0.45,17.075,22.05,60.775,-5.3,48.5,18.025,10.8,-32,61.825,-4.475,-43.625,32.825,-93.25,6.175,-10.25,10.375,-30.375,3.725,-129.075,96.075,31.375,-4.025,13.5,22.85,-156.85,102.6,42.725,-3.875,-28.95,22.625,-133.75,103.725,20.1,-14.05,bottom_collision
2.825,7.925,62.65,4.025,0.55,6.725,5.675,4.325,46.2,10.5,8.85,1.6,-4.675,-0.225,59.175,3.025,-5.95,4.075,-2.45,10.425,27.1,-4.3,-5.8,3.675,-17.125,-14.4,23.45,26,-18.125,5.475,-12.625,-0.15,-4,22.65,-11.95,-5.975,-12.75,0,49.625,-3.75,4.8,4.225,-5.275,4.45,24.7,7.375,6.125,5.4,10.05,1.625,77.425,-1.55,13.25,-1.775,-6.15,0.45,17.075,11.35,-11.325,0.9,1.5,-2.625,10.8,-2,-20.475,-4.475,23.525,-10.075,88.25,6.175,-10.25,-4.375,-30.375,3.725,40.975,-3.075,-11.775,-4.025,13.5,-4.25,9.05,21,0.675,-3.875,11.75,-6.625,18.75,19.425,-15.7,2.15,normal
26.975,7.925,62.65,-40.925,52.65,-6.825,74.225,41.025,46.2,-112.5,162.15,1.6,-4.675,-0.225,59.175,3.025,-5.95,4.075,-2.45,10.425,27.1,-4.3,-5.8,3.675,-17.125,16.8,23.45,26,-18.125,5.475,-12.625,-0.15,-4,22.65,-11.95,-5.975,-12.75,0,49.625,-3.75,-12.4,-7.675,-5.275,4.45,24.7,-12.175,-33.725,-3,10.05,1.625,77.425,-1.55,-21.25,-1.775,6.95,0.45,17.075,-20.75,-47.375,-5.3,1.5,-2.625,10.8,-2,-20.475,8.075,23.525,11.375,-93.25,6.175,38.25,25.125,35.275,3.725,-299.125,29.975,31.375,-4.025,13.5,-4.25,-156.85,21,42.725,-3.875,11.75,-6.625,-133.75,19.425,20.1,-70.75,collision_in_part
-117.925,-25.775,62.65,138.875,-155.75,-33.925,-17.175,4.325,46.2,-30.5,-56.85,-7.6,18.475,-0.225,59.175,-39.525,-5.95,-5.575,-2.45,-15.025,27.1,-4.3,-5.8,-6.475,12.325,-14.4,23.45,-42,-18.125,-18.225,34.875,-0.15,164.8,-21.25,15.15,-5.975,17.35,-14,49.625,16.75,4.8,-7.675,-5.275,-11.85,24.7,7.375,-33.725,-11.4,10.05,1.625,77.425,-21.25,-21.25,-18.875,-19.25,0.45,17.075,-20.75,-47.375,-17.7,1.5,-2.625,10.8,-2,-20.475,-17.025,23.525,-10.075,88.25,6.175,-10.25,-4.375,-30.375,3.725,40.975,-3.075,-11.775,-16.475,13.5,-4.25,9.05,-19.8,0.675,-19.625,11.75,-6.625,18.75,-22.725,-15.7,-5.95,collision_in_part
2.825,7.925,62.65,4.025,0.55,6.725,5.675,4.325,46.2,10.5,-13.05,1.6,-4.675,-0.225,59.175,3.025,-5.95,4.075,-2.45,10.425,27.1,-4.3,-5.8,3.675,12.325,-14.4,23.45,26,-18.125,5.475,11.125,-0.15,-4,22.65,-11.95,-5.975,-12.75,0,49.625,-3.75,-12.4,-1.725,-5.275,4.45,24.7,7.375,6.125,-3,10.05,1.625,77.425,-1.55,-21.25,-1.775,-6.15,0.45,17.075,0.65,-11.325,0.9,1.5,-2.625,10.8,-2,-20.475,-4.475,23.525,-10.075,88.25,6.175,-10.25,-4.375,-30.375,3.725,40.975,-3.075,-11.775,-4.025,13.5,-4.25,9.05,21,0.675,-3.875,11.75,-6.625,18.75,19.425,-15.7,2.15,normal
2.825,7.925,62.65,4.025,0.55,6.725,5.675,4.325,46.2,10.5,-13.05,1.6,-4.675,-0.225,59.175,3.025,-5.95,4.075,-2.45,10.425,27.1,-4.3,-5.8,13.825,12.325,-14.4,23.45,26,-18.125,5.475,11.125,-0.15,-4,-21.25,-11.95,-5.975,17.35,0,-103.125,-3.75,-29.6,-1.725,19.175,4.45,24.7,7.375,-33.725,-3,10.05,1.625,-69.725,-1.55,-21.25,-1.775,6.95,0.45,17.075,11.35,-47.375,7.1,1.5,-2.625,10.8,-2,-20.475,-4.475,23.525,11.375,-93.25,6.175,-10.25,10.375,-30.375,3.725,40.975,-3.075,-11.775,-4.025,13.5,-4.25,9.05,-19.8,0.675,-3.875,11.75,-6.625,18.75,19.425,-15.7,2.15,bottom_collision
2.825,7.925,62.65,4.025,0.55,6.725,5.675,4.325,46.2,10.5,-13.05,1.6,-4.675,-0.225,59.175,3.025,-5.95,4.075,-2.45,10.425,27.1,-4.3,-5.8,3.675,12.325,16.8,23.45,26,-18.125,5.475,-12.625,-0.15,-4,22.65,-11.95,-5.975,-12.75,0,49.625,-3.75,-12.4,-1.725,-5.275,4.45,24.7,7.375,6.125,-3,10.05,1.625,77.425,-1.55,-21.25,-1.775,-6.15,0.45,17.075,0.65,-11.325,0.9,1.5,-2.625,10.8,-2,-20.475,-4.475,23.525,11.375,88.25,6.175,-10.25,-4.375,-30.375,3.725,40.975,-3.075,-11.775,-4.025,13.5,-4.25,9.05,21,0.675,-3.875,11.75,-6.625,18.75,19.425,-15.7,2.15,normal
2.825,7.925,62.65,-40.925,-51.55,-6.825,5.675,-14.025,46.2,10.5,-13.05,-16.8,-4.675,-0.225,59.175,3.025,-5.95,-15.225,-2.45,10.425,27.1,-4.3,-5.8,-6.475,12.325,-14.4,23.45,-42,-18.125,-6.375,-12.625,-0.15,-4,-21.25,-11.95,-5.975,-12.75,-14,49.625,-3.75,-12.4,-13.625,-5.275,4.45,24.7,-31.725,-33.725,-11.4,10.05,1.625,77.425,-21.25,-21.25,-10.325,-6.15,0.45,17.075,-20.75,-11.325,-17.7,1.5,-2.625,10.8,-2,-20.475,-4.475,23.525,-10.075,88.25,6.175,-10.25,-4.375,-30.375,3.725,40.975,-36.125,-11.775,-4.025,13.5,-4.25,9.05,-19.8,0.675,-3.875,11.75,-6.625,18.75,19.425,-15.7,-5.95,normal
-21.325,7.925,62.65,-40.925,-51.55,-33.925,-17.175,22.675,46.2,-153.5,-78.75,-44.4,-27.825,37.875,59.175,-167.175,-77.35,-44.175,-24.35,35.875,27.1,-201.3,-75.4,-36.925,-17.125,48,23.45,-246,-74.675,-18.225,11.125,-0.15,-4,-21.25,15.15,9.175,-12.75,14,49.625,-3.75,4.8,-1.725,-5.275,4.45,24.7,-12.175,-33.725,13.8,10.05,1.625,77.425,-1.55,13.25,-1.775,-6.15,0.45,17.075,0.65,-11.325,0.9,1.5,-2.625,10.8,-2,20.675,-4.475,23.525,-10.075,88.25,6.175,-10.25,-4.375,-30.375,3.725,40.975,-3.075,-11.775,-4.025,13.5,-4.25,9.05,21,0.675,-3.875,11.75,-6.625,18.75,19.425,-15.7,-5.95,collision_in_part
2.825,-8.925,62.65,4.025,0.55,6.725,-17.175,4.325,46.2,10.5,-13.05,1.6,-4.675,-0.225,-86.475,3.025,-5.95,-5.575,-2.45,10.425,27.1,-4.3,-5.8,3.675,-17.125,-14.4,23.45,26,-18.125,-6.375,-12.625,-0.15,-4,22.65,-11.95,-5.975,-12.75,0,-103.125,-44.75,-12.4,-19.575,-5.275,-11.85,-119.9,-51.275,6.125,-19.8,-24.65,1.625,-216.875,-60.65,-21.25,-27.425,-19.25,0.45,-270.625,-95.65,-11.325,-23.9,-45.5,-23.275,-488.4,-122,20.675,-42.125,-849.425,-267.475,-3360.25,-189.275,-446.75,25.125,-818.175,-225.775,-3019.925,-102.225,-486.425,8.425,-127.5,-4.25,-322.75,21,252.975,-35.375,52.45,22.625,-133.75,-64.875,91.7,-5.95,bottom_obstruction
2.825,-8.925,-136.25,4.025,0.55,6.725,5.675,-14.025,-123.4,-30.5,8.85,1.6,18.475,-0.225,-232.125,3.025,29.75,4.075,-2.45,-15.025,-132.7,-4.3,29,3.675,12.325,-14.4,-143.65,-42,38.425,5.475,11.125,-0.15,-172.8,-21.25,15.15,9.175,17.35,-14,-103.125,-3.75,22,4.225,-5.275,-11.85,-119.9,-31.725,6.125,-19.8,10.05,-12.125,-69.725,-60.65,-21.25,-18.875,-6.15,0.45,-270.625,-74.25,-11.325,-23.9,1.5,-2.625,-155.6,-2,20.675,8.075,23.525,-10.075,-93.25,6.175,38.25,10.375,-30.375,3.725,-129.075,-36.125,-11.775,-16.475,13.5,-4.25,-156.85,-60.6,0.675,-19.625,-28.95,-6.625,-133.75,-64.875,-15.7,-22.15,bottom_collision
2.825,7.925,62.65,4.025,0.55,6.725,5.675,4.325,46.2,10.5,-13.05,1.6,-4.675,-0.225,59.175,3.025,-5.95,4.075,-2.45,10.425,27.1,-4.3,-5.8,3.675,12.325,-14.4,23.45,26,-18.125,5.475,-12.625,-0.15,-4,22.65,-11.95,-5.975,-12.75,0,49.625,-3.75,-12.4,-1.725,-5.275,4.45,24.7,7.375,6.125,-3,10.05,1.625,77.425,-1.55,13.25,-1.775,-6.15,0.45,17.075,0.65,-11.325,0.9,1.5,-2.625,10.8,-2,-20.475,-4.475,23.525,-10.075,88.25,6.175,-10.25,-4.375,-30.375,3.725,40.975,-3.075,-11.775,-4.025,13.5,-4.25,9.05,21,0.675,-3.875,11.75,-6.625,18.75,19.425,-15.7,2.15,normal
2.825,7.925,62.65,4.025,0.55,-6.825,5.675,4.325,46.2,10.5,8.85,1.6,-4.675,-0.225,59.175,3.025,-5.95,4.075,-2.45,10.425,27.1,-4.3,-5.8,3.675,12.325,16.8,23.45,26,-18.125,-6.375,-12.625,21.95,-4,-21.25,15.15,9.175,-12.75,14,49.625,-3.75,22,10.175,-29.725,20.75,-119.9,7.375,6.125,5.4,-24.65,15.375,-69.725,-1.55,47.75,15.325,-6.15,12.35,17.075,0.65,60.775,13.3,1.5,18.025,10.8,-2,61.825,8.075,23.525,11.375,-93.25,6.175,38.25,25.125,-30.375,3.725,40.975,-3.075,-11.775,-4.025,13.5,-4.25,9.05,-19.8,0.675,-3.875,11.75,-6.625,18.75,-22.725,-15.7,-5.95,bottom_collision
2.825,-8.925,62.65,4.025,0.55,-6.825,5.675,4.325,46.2,-30.5,-13.05,-16.8,-4.675,-0.225,59.175,3.025,-5.95,-5.575,-2.45,10.425,27.1,-4.3,-40.6,-6.475,-17.125,-14.4,23.45,-42,-18.125,-6.375,-12.625,-0.15,164.8,-21.25,-39.05,-5.975,-12.75,0,49.625,-24.25,-29.6,-7.675,-5.275,-11.85,24.7,-12.175,-33.725,-11.4,10.05,1.625,77.425,-21.25,-21.25,-10.325,-6.15,-11.45,17.075,-10.05,-11.325,-11.5,1.5,-2.625,10.8,-32,-20.475,-17.025,23.525,-10.075,88.25,6.175,-10.25,-4.375,-30.375,-19.225,40.975,-3.075,-11.775,-16.475,13.5,-4.25,9.05,-19.8,-41.375,-3.875,11.75,-6.625,18.75,19.425,-15.7,2.15,normal
2.825,7.925,62.65,4.025,0.55,6.725,5.675,4.325,46.2,10.5,8.85,1.6,-4.675,-0.225,59.175,3.025,-5.95,4.075,-2.45,10.425,27.1,-4.3,-5.8,3.675,-17.125,-14.4,23.45,26,-18.125,5.475,-12.625,-0.15,-4,22.65,-11.95,-5.975,-12.75,0,49.625,-3.75,-12.4,-1.725,-5.275,4.45,24.7,7.375,-33.725,-3,-24.65,1.625,-69.725,18.15,-21.25,-1.775,-6.15,0.45,17.075,11.35,-11.325,0.9,1.5,-2.625,-155.6,-32,-20.475,-17.025,23.525,-10.075,-93.25,-58.975,-10.25,-19.125,-30.375,3.725,-129.075,-69.175,-11.775,-28.925,-33.5,-4.25,-322.75,-101.4,0.675,-19.625,-28.95,-6.625,-591.25,-107.025,55.9,-46.45,bottom_obstruction
-21.325,24.775,62.65,-40.925,-51.55,-6.825,-40.025,4.325,46.2,10.5,-34.95,1.6,-27.825,-0.225,59.175,3.025,-41.65,-5.575,-24.35,-15.025,27.1,-4.3,-5.8,-6.475,-17.125,-14.4,23.45,26,-18.125,-6.375,-12.625,-0.15,-4,22.65,-11.95,-5.975,-12.75,0,49.625,16.75,-12.4,-1.725,-5.275,4.45,24.7,7.375,6.125,-3,10.05,1.625,-69.725,-1.55,13.25,-1.775,-6.15,0.45,17.075,0.65,-11.325,-5.3,1.5,-2.625,10.8,-2,20.675,-4.475,23.525,-10.075,-93.25,6.175,-10.25,-4.375,-30.375,3.725,40.975,-3.075,-11.775,-4.025,13.5,-4.25,9.05,-19.8,0.675,-3.875,11.75,-6.625,18.75,19.425,20.1,-5.95,collision_in_tool
26.975,-25.775,62.65,48.975,52.65,6.725,51.375,-32.375,46.2,51.5,52.65,1.6,41.625,-19.275,59.175,45.575,65.45,-5.575,19.45,-15.025,27.1,35.1,29,3.675,12.325,-14.4,23.45,26,38.425,-6.375,34.875,-22.25,-4,22.65,42.25,-5.975,17.35,-14,49.625,16.75,39.2,-1.725,-5.275,4.45,24.7,7.375,6.125,-3,10.05,1.625,-69.725,-1.55,13.25,-1.775,-6.15,0.45,17.075,0.65,-11.325,-5.3,1.5,-2.625,10.8,-2,20.675,-4.475,23.525,-10.075,88.25,6.175,-10.25,-4.375,-30.375,3.725,40.975,-3.075,-11.775,-4.025,13.5,-4.25,9.05,-19.8,0.675,-3.875,11.75,-6.625,18.75,19.425,-15.7,-5.95,collision_in_tool
26.975,7.925,62.65,-40.925,156.85,6.725,5.675,4.325,46.2,10.5,30.75,10.8,18.475,-19.275,59.175,3.025,29.75,4.075,19.45,10.425,27.1,-4.3,29,13.825,12.325,-14.4,23.45,26,38.425,-6.375,11.125,-0.15,-4,22.65,42.25,-5.975,17.35,0,49.625,-3.75,56.4,-1.725,19.175,-11.85,24.7,7.375,6.125,-3,10.05,-25.875,-69.725,18.15,47.75,-1.775,20.05,-23.35,17.075,22.05,24.725,0.9,1.5,-23.275,10.8,28,20.675,-4.475,23.525,-10.075,88.25,6.175,38.25,-4.375,-30.375,3.725,40.975,-3.075,-11.775,-4.025,13.5,-4.25,9.05,-19.8,0.675,-3.875,11.75,-6.625,18.75,-22.725,-15.7,2.15,collision_in_part
2.825,7.925,62.65,4.025,0.55,-6.825,5.675,-14.025,46.2,10.5,-13.05,-7.6,-4.675,-0.225,59.175,3.025,-5.95,-5.575,-2.45,10.425,27.1,-4.3,-5.8,-6.475,-17.125,-14.4,23.45,26,-18.125,-18.225,-12.625,-0.15,164.8,-21.25,-11.95,-5.975,-12.75,0,49.625,-3.75,-12.4,-1.725,-5.275,-11.85,24.7,7.375,-33.725,-3,10.05,1.625,77.425,-1.55,13.25,-1.775,-6.15,0.45,17.075,0.65,-11.325,0.9,1.5,-2.625,10.8,28,-20.475,-4.475,23.525,11.375,88.25,-58.975,-10.25,-4.375,-30.375,3.725,40.975,-3.075,-11.775,-16.475,13.5,-4.25,9.05,21,0.675,-3.875,11.75,-6.625,18.75,-22.725,-15.7,2.15,normal
2.825,7.925,62.65,4.025,0.55,6.725,5.675,4.325,46.2,10.5,-13.05,1.6,-4.675,-0.225,59.175,3.025,-5.95,4.075,-2.45,10.425,27.1,-4.3,-5.8,3.675,12.325,-14.4,23.45,26,-18.125,5.475,-12.625,-0.15,-4,22.65,-11.95,-5.975,-12.75,0,49.625,-3.75,4.8,-1.725,-5.275,4.45,24.7,7.375,6.125,-3,10.05,1.625,77.425,-1.55,13.25,-1.775,6.95,0.45,17.075,0.65,-11.325,0.9,1.5,-2.625,10.8,-2,-20.475,-4.475,23.525,-10.075,88.25,6.175,-10.25,-4.375,-30.375,3.725,40.975,-3.075,-11.775,-4.025,13.5,-4.25,9.05,-19.8,0.675,-3.875,11.75,-6.625,18.75,-22.725,-15.7,2.15,normal
2.825,7.925,62.65,4.025,52.65,-6.825,5.675,22.675,46.2,-30.5,52.65,20,18.475,37.875,59.175,-39.525,29.75,4.075,19.45,10.425,27.1,-4.3,29,3.675,12.325,16.8,23.45,-42,38.425,5.475,11.125,-0.15,164.8,22.65,15.15,9.175,-12.75,-14,49.625,37.25,-12.4,4.225,-127.525,134.85,24.7,-227.225,-113.425,-120.6,-24.65,1.625,77.425,18.15,-55.75,23.875,46.25,-59.05,17.075,86.25,60.775,-5.3,1.5,-2.625,10.8,-2,20.675,-4.475,-43.625,11.375,88.25,6.175,-10.25,-4.375,-30.375,-19.225,40.975,29.975,-11.775,-4.025,13.5,-4.25,9.05,21,0.675,-3.875,11.75,-6.625,18.75,19.425,-15.7,2.15,collision_in_part
2.825,7.925,62.65,4.025,0.55,6.725,5.675,4.325,46.2,10.5,-13.05,1.6,-4.675,-0.225,59.175,3.025,-5.95,4.075,-2.45,10.425,27.1,-4.3,-5.8,3.675,12.325,16.8,23.45,26,-18.125,5.475,-12.625,-0.15,-4,22.65,-11.95,-5.975,-12.75,0,49.625,-3.75,-12.4,-1.725,-5.275,4.45,24.7,7.375,6.125,-3,10.05,1.625,77.425,-1.55,-21.25,-1.775,-6.15,0.45,17.075,11.35,-11.325,0.9,1.5,-2.625,10.8,-2,-20.475,-4.475,23.525,-10.075,-93.25,6.175,-10.25,-4.375,-30.375,3.725,40.975,-3.075,-11.775,-4.025,13.5,-4.25,9.05,21,0.675,-3.875,11.75,-6.625,18.75,19.425,-15.7,2.15,normal
2.825,-8.925,62.65,4.025,0.55,-6.825,5.675,4.325,46.2,10.5,8.85,-7.6,-4.675,-0.225,59.175,3.025,-5.95,-5.575,-2.45,10.425,27.1,-4.3,-5.8,-6.475,-17.125,-14.4,23.45,26,-18.125,-6.375,-12.625,-0.15,-4,22.65,-11.95,-5.975,17.35,0,49.625,-3.75,4.8,-1.725,-5.275,4.45,24.7,7.375,6.125,-3,10.05,1.625,77.425,-1.55,13.25,-1.775,6.95,0.45,17.075,11.35,24.725,-5.3,1.5,-2.625,10.8,-2,20.675,-4.475,23.525,-10.075,88.25,6.175,-10.25,-4.375,-30.375,3.725,40.975,-3.075,-11.775,-4.025,13.5,-4.25,9.05,-19.8,0.675,-3.875,11.75,-6.625,18.75,19.425,-15.7,-5.95,collision_in_tool
2.825,7.925,62.65,4.025,0.55,6.725,5.675,4.325,46.2,10.5,-13.05,1.6,-4.675,-0.225,59.175,3.025,-5.95,4.075,-2.45,10.425,27.1,-4.3,-5.8,3.675,12.325,-14.4,23.45,26,-18.125,5.475,-12.625,-0.15,-4,22.65,-11.95,-5.975,-12.75,0,49.625,-3.75,-12.4,-1.725,-5.275,4.45,24.7,7.375,6.125,-3,10.05,1.625,-69.725,-1.55,-21.25,-1.775,-6.15,0.45,17.075,11.35,-11.325,0.9,1.5,-2.625,10.8,-2,-20.475,-4.475,23.525,11.375,88.25,6.175,-10.25,-4.375,-30.375,3.725,40.975,-3.075,-11.775,-4.025,13.5,-4.25,9.05,21,0.675,-3.875,11.75,-6.625,18.75,19.425,-15.7,2.15,normal
2.825,7.925,62.65,4.025,0.55,6.725,5.675,4.325,46.2,10.5,8.85,1.6,-4.675,-0.225,59.175,3.025,-5.95,4.075,-2.45,10.425,27.1,-4.3,-5.8,3.675,12.325,-14.4,23.45,26,-18.125,5.475,-12.625,-0.15,-4,22.65,-11.95,9.175,-12.75,0,49.625,-3.75,4.8,4.225,-5.275,4.45,24.7,7.375,6.125,5.4,10.05,1.625,-69.725,-1.55,13.25,-1.775,-6.15,0.45,17.075,-10.05,-11.325,0.9,1.5,-2.625,10.8,-2,20.675,8.075,23.525,-10.075,-93.25,6.175,-10.25,10.375,35.275,3.725,40.975,-3.075,-11.775,8.425,13.5,-4.25,9.05,-19.8,0.675,-3.875,11.75,-6.625,18.75,19.425,-15.7,2.15,bottom_collision
2.825,7.925,62.65,4.025,0.55,6.725,5.675,4.325,46.2,10.5,-13.05,1.6,-4.675,-0.225,59.175,3.025,-5.95,4.075,-2.45,10.425,27.1,-4.3,-5.8,3.675,12.325,-14.4,23.45,26,-18.125,5.475,-12.625,-0.15,-4,22.65,-11.95,9.175,-12.75,0,49.625,-3.75,4.8,-1.725,-5.275,4.45,24.7,7.375,6.125,5.4,10.05,1.625,77.425,-1.55,13.25,-1.775,6.95,0.45,17.075,0.65,-11.325,0.9,1.5,-2.625,10.8,-2,-20.475,8.075,23.525,11.375,-93.25,6.175,-10.25,-4.375,35.275,3.725,-129.075,-3.075,-11.775,-4.025,13.5,-4.25,9.05,21,0.675,11.875,11.75,-6.625,-133.75,19.425,-15.7,2.15,bottom_collision
2.825,-8.925,62.65,4.025,0.55,6.725,5.675,4.325,46.2,10.5,8.85,1.6,-4.675,-0.225,59.175,3.025,-5.95,4.075,-2.45,10.425,27.1,-4.3,-5.8,3.675,-17.125,16.8,23.45,-42,-18.125,-6.375,-12.625,-0.15,-4,-21.25,-11.95,-5.975,-12.75,-14,49.625,16.75,4.8,-7.675,-5.275,4.45,24.7,-12.175,-33.725,-3,10.05,1.625,77.425,-1.55,-21.25,-10.325,-6.15,-11.45,17.075,11.35,-11.325,-5.3,1.5,18.025,10.8,-32,-20.475,-4.475,23.525,-10.075,88.25,6.175,-10.25,10.375,-30.375,-19.225,40.975,-3.075,-11.775,-4.025,13.5,-4.25,9.05,-19.8,0.675,11.875,11.75,-6.625,18.75,19.425,-15.7,2.15,normal
2.825,-8.925,62.65,4.025,0.55,-6.825,51.375,4.325,46.2,10.5,52.65,1.6,-4.675,-0.225,59.175,3.025,-5.95,-5.575,-2.45,-15.025,27.1,35.1,-5.8,-6.475,12.325,-14.4,23.45,26,-18.125,-6.375,11.125,-0.15,-4,22.65,-11.95,-5.975,-12.75,0,49.625,16.75,-12.4,-1.725,-5.275,4.45,24.7,-12.175,6.125,-3,10.05,1.625,77.425,-1.55,-21.25,-1.775,-6.15,-11.45,17.075,11.35,-11.325,0.9,1.5,-2.625,10.8,-2,-20.475,8.075,23.525,-10.075,88.25,6.175,-10.25,10.375,-30.375,3.725,40.975,-3.075,-11.775,-4.025,13.5,-4.25,9.05,-19.8,0.675,-3.875,11.75,-6.625,18.75,-22.725,-15.7,2.15,normal
123.575,109.025,-1727.45,453.525,0.55,142.225,97.075,187.825,-2328.2,584.5,-166.35,130.4,87.925,266.475,-2708.175,598.725,-220.15,139.175,128.95,341.275,-3009.1,547.3,-214.6,155.925,130.125,422.4,-3151.45,502,-244.325,195.075,-36.375,-66.45,-848,725.05,96.45,236.425,-133.15,-42,49.625,119.25,-167.2,-7.675,-5.275,-11.85,-264.5,7.375,45.975,5.4,-128.75,-39.625,77.425,136.35,-159.25,-1.775,6.95,-11.45,-270.625,11.35,24.725,7.1,1.5,-2.625,-155.6,-2,-20.475,-4.475,23.525,11.375,-93.25,6.175,-10.25,-4.375,-96.025,-42.175,40.975,129.125,-184.375,-4.025,13.5,-4.25,-156.85,-19.8,0.675,-3.875,11.75,-6.625,-133.75,-22.725,-15.7,2.15,bottom_obstruction
2.825,7.925,62.65,4.025,0.55,6.725,5.675,4.325,46.2,10.5,-13.05,1.6,-4.675,-0.225,59.175,3.025,-5.95,4.075,-2.45,10.425,27.1,-4.3,-5.8,3.675,12.325,-14.4,23.45,26,-18.125,5.475,-12.625,-0.15,-4,22.65,-11.95,-5.975,-12.75,0,49.625,-3.75,-12.4,-1.725,-5.275,4.45,24.7,7.375,6.125,-3,10.05,1.625,77.425,-1.55,-21.25,-1.775,-6.15,0.45,17.075,0.65,-11.325,0.9,1.5,-2.625,10.8,-2,-20.475,-4.475,23.525,-10.075,88.25,6.175,-10.25,-4.375,-30.375,3.725,40.975,-3.075,-11.775,-4.025,13.5,-4.25,9.05,21,0.675,-3.875,11.75,-6.625,18.75,19.425,-15.7,2.15,normal
-45.475,-25.775,62.65,93.925,-51.55,-33.925,5.675,4.325,46.2,10.5,8.85,1.6,18.475,-0.225,59.175,3.025,-5.95,-5.575,-2.45,-15.025,27.1,-4.3,-5.8,3.675,12.325,-14.4,23.45,26,-18.125,-6.375,-12.625,-0.15,-4,-21.25,-11.95,-5.975,-12.75,0,49.625,-3.75,-12.4,-1.725,-5.275,4.45,24.7,7.375,6.125,-3,10.05,1.625,77.425,-1.55,13.25,-1.775,-6.15,0.45,17.075,0.65,-11.325,0.9,1.5,-2.625,10.8,-2,-20.475,-4.475,23.525,-10.075,88.25,6.175,-10.25,-4.375,-30.375,3.725,40.975,-3.075,-11.775,-4.025,13.5,-4.25,9.05,-19.8,0.675,-3.875,11.75,-6.625,18.75,19.425,-15.7,2.15,collision_in_part
2.825,-8.925,62.65,4.025,0.55,6.725,5.675,4.325,46.2,10.5,8.85,-7.6,-4.675,-0.225,59.175,3.025,-5.95,4.075,-2.45,10.425,27.1,-4.3,-5.8,3.675,12.325,-14.4,23.45,26,-18.125,5.475,11.125,-0.15,164.8,22.65,15.15,9.175,-12.75,0,49.625,-3.75,-12.4,4.225,-5.275,-11.85,24.7,7.375,6.125,-3,10.05,1.625,77.425,-1.55,13.25,6.775,-6.15,12.35,17.075,-20.75,-11.325,0.9,1.5,-2.625,10.8,28,-20.475,-4.475,23.525,-10.075,88.25,6.175,-10.25,-4.375,-30.375,3.725,40.975,-3.075,-11.775,-4.025,13.5,-4.25,9.05,21,0.675,-3.875,11.75,-6.625,18.75,19.425,-15.7,-5.95,normal
-21.325,-8.925,62.65,48.975,52.65,-6.825,-17.175,-14.025,46.2,10.5,30.75,-7.6,-4.675,-19.275,-86.475,45.575,29.75,-15.225,-2.45,-15.025,-132.7,74.5,133.4,-16.625,-17.125,-14.4,-143.65,94,151.525,-30.075,11.125,-22.25,-4,66.55,177.75,-21.125,17.35,-14,-103.125,37.25,142.4,-13.625,19.175,-11.85,-119.9,46.475,165.525,-11.4,10.05,-12.125,-69.725,37.85,185.75,-18.875,20.05,-11.45,17.075,32.75,132.875,-11.5,-468.5,-353.675,-2984.4,178,61.825,-192.725,-446.525,-353.275,-2997.25,71.325,232.25,-166.625,-489.925,-340.525,-3189.975,-36.125,333.425,-140.975,-362.5,-193.95,-1981.75,-60.6,168.875,-19.625,-273.15,-240.625,-286.25,188.025,-409.5,-46.45,bottom_obstruction
2.825,-8.925,62.65,4.025,0.55,6.725,5.675,4.325,46.2,10.5,-13.05,1.6,-4.675,-0.225,59.175,3.025,-5.95,4.075,-2.45,10.425,27.1,-4.3,-5.8,3.675,-17.125,-14.4,23.45,26,-18.125,5.475,-12.625,-0.15,164.8,-21.25,-11.95,-5.975,-12.75,0,49.625,-3.75,-12.4,-1.725,-5.275,4.45,24.7,7.375,6.125,-3,10.05,1.625,77.425,-1.55,13.25,-1.775,-6.15,0.45,17.075,0.65,-11.325,0.9,1.5,-2.625,10.8,-2,-20.475,-4.475,23.525,-10.075,88.25,6.175,-10.25,-4.375,-30.375,3.725,40.975,-3.075,-11.775,-4.025,13.5,-4.25,9.05,21,0.675,-3.875,11.75,-6.625,18.75,19.425,-15.7,2.15,normal
26.975,7.925,62.65,4.025,52.65,-6.825,28.525,4.325,46.2,10.5,30.75,1.6,18.475,-0.225,59.175,3.025,29.75,-5.575,-2.45,10.425,27.1,-4.3,-5.8,-6.475,-17.125,16.8,23.45,26,-18.125,-6.375,-12.625,-0.15,-4,-21.25,-11.95,-5.975,-12.75,0,49.625,-3.75,-12.4,-1.725,-5.275,4.45,24.7,7.375,6.125,-3,10.05,1.625,-69.725,-1.55,13.25,-1.775,-6.15,0.45,17.075,0.65,-11.325,-5.3,1.5,-2.625,10.8,-2,-20.475,-4.475,23.525,11.375,88.25,6.175,-10.25,-4.375,-30.375,3.725,40.975,-3.075,-11.775,-4.025,13.5,-4.25,9.05,21,0.675,-3.875,11.75,-6.625,18.75,19.425,-15.7,-5.95,collision_in_part
2.825,-8.925,62.65,4.025,0.55,-6.825,5.675,4.325,46.2,-30.5,-34.95,-7.6,-4.675,-0.225,59.175,-39.525,-41.65,-15.225,-2.45,10.425,27.1,-43.7,-40.6,-16.625,12.325,-14.4,23.45,26,-18.125,-6.375,-12.625,-0.15,-4,-21.25,-11.95,-5.975,-12.75,0,49.625,-24.25,-29.6,-13.625,-5.275,4.45,24.7,-31.725,-33.725,-11.4,10.05,-12.125,77.425,-1.55,-21.25,-18.875,-6.15,0.45,17.075,-20.75,-11.325,-17.7,1.5,-2.625,10.8,-2,-20.475,-17.025,23.525,-10.075,88.25,6.175,-10.25,-4.375,-30.375,3.725,40.975,-3.075,-11.775,-4.025,13.5,-4.25,9.05,-19.8,0.675,-3.875,11.75,-6.625,18.75,-22.725,-15.7,-14.05,normal
2.825,7.925,62.65,4.025,0.55,6.725,5.675,4.325,46.2,10.5,-13.05,1.6,-4.675,-0.225,59.175,3.025,-5.95,4.075,-2.45,10.425,27.1,-4.3,-5.8,3.675,-17.125,-14.4,23.45,26,-18.125,5.475,-12.625,-0.15,-4,22.65,-11.95,9.175,-12.75,0,49.625,-3.75,4.8,4.225,-5.275,4.45,24.7,7.375,6.125,5.4,10.05,1.625,77.425,-1.55,13.25,-1.775,-6.15,0.45,17.075,0.65,-11.325,0.9,1.5,-2.625,10.8,-2,-20.475,-4.475,23.525,-10.075,88.25,6.175,-10.25,-4.375,-30.375,3.725,40.975,-3.075,-11.775,-4.025,13.5,-4.25,9.05,21,0.675,-3.875,11.75,-6.625,18.75,19.425,-15.7,2.15,normal
-21.325,24.775,62.65,-40.925,0.55,-6.825,-17.175,-32.375,46.2,51.5,-34.95,-7.6,-4.675,-0.225,59.175,3.025,-5.95,-5.575,19.45,10.425,27.1,-4.3,29,-6.475,12.325,16.8,23.45,26,38.425,-6.375,-12.625,-0.15,-4,22.65,15.15,-5.975,17.35,-14,49.625,16.75,4.8,-1.725,-5.275,4.45,24.7,7.375,6.125,-3,10.05,1.625,77.425,-1.55,13.25,-1.775,-6.15,0.45,17.075,0.65,-11.325,-5.3,1.5,-2.625,10.8,-2,20.675,-4.475,23.525,-10.075,88.25,6.175,-10.25,-4.375,-30.375,3.725,40.975,-3.075,-11.775,-4.025,13.5,-4.25,9.05,21,0.675,-3.875,11.75,-6.625,18.75,-22.725,20.1,-5.95,collision_in_part
2.825,-8.925,62.65,4.025,0.55,6.725,5.675,4.325,46.2,10.5,8.85,1.6,-4.675,-0.225,59.175,3.025,-5.95,4.075,-2.45,10.425,27.1,-4.3,-5.8,3.675,12.325,-14.4,23.45,26,-18.125,5.475,-12.625,-0.15,-4,22.65,-11.95,9.175,17.35,0,-103.125,16.75,-12.4,4.225,-5.275,4.45,24.7,7.375,-33.725,5.4,10.05,1.625,-69.725,18.15,-21.25,6.775,-6.15,-11.45,17.075,22.05,-47.375,7.1,1.5,-2.625,10.8,28,-20.475,8.075,23.525,-10.075,-93.25,6.175,-10.25,10.375,35.275,3.725,40.975,-3.075,-11.775,8.425,13.5,-4.25,9.05,21,0.675,11.875,11.75,-6.625,18.75,19.425,-15.7,2.15,bottom_collision
2.825,7.925,62.65,4.025,0.55,6.725,5.675,4.325,46.2,10.5,8.85,1.6,-4.675,-0.225,59.175,3.025,-5.95,4.075,-2.45,10.425,27.1,-4.3,29,3.675,-17.125,-14.4,23.45,26,38.425,5.475,-12.625,-0.15,-4,-21.25,15.15,9.175,-12.75,0,-103.125,-3.75,4.8,4.225,-5.275,4.45,24.7,-12.175,6.125,5.4,-24.65,1.625,-69.725,-1.55,13.25,6.775,-19.25,0.45,17.075,-10.05,24.725,7.1,-186.5,-64.575,-821.2,148,-185.075,-4.475,-245.075,-74.425,-1000.75,201.625,-155.75,-19.125,-227.325,-65.125,-1319.425,162.175,-54.925,-16.475,-268.5,-58.45,-1649.95,143.4,42.725,-19.625,-273.15,-65.125,-1658.75,103.725,55.9,-38.35,bottom_obstruction
-21.325,-8.925,62.65,4.025,0.55,6.725,5.675,22.675,46.2,-30.5,-13.05,1.6,-4.675,-0.225,59.175,3.025,-5.95,-5.575,-2.45,10.425,27.1,-4.3,-5.8,3.675,-17.125,-14.4,23.45,26,-18.125,-6.375,-12.625,-0.15,-4,22.65,-11.95,-5.975,-12.75,0,49.625,-3.75,-12.4,-1.725,-5.275,4.45,24.7,7.375,6.125,-3,10.05,1.625,77.425,-1.55,13.25,-1.775,-6.15,0.45,17.075,0.65,-11.325,0.9,1.5,-2.625,10.8,-2,-20.475,-4.475,23.525,-10.075,88.25,6.175,-10.25,-4.375,-30.375,3.725,40.975,-3.075,-11.775,-4.025,13.5,-4.25,9.05,21,0.675,-3.875,11.75,-6.625,18.75,19.425,-15.7,-5.95,collision_in_part
2.825,7.925,62.65,4.025,0.55,-6.825,5.675,4.325,46.2,10.5,-13.05,1.6,-4.675,-0.225,59.175,3.025,-5.95,4.075,-2.45,10.425,27.1,-4.3,-5.8,3.675,-17.125,-14.4,23.45,26,-18.125,-6.375,-12.625,-0.15,-4,22.65,-11.95,-5.975,-12.75,0,49.625,-3.75,-12.4,-1.725,-5.275,4.45,24.7,7.375,6.125,-3,10.05,1.625,77.425,-1.55,13.25,-1.775,-6.15,0.45,17.075,0.65,-11.325,0.9,1.5,-2.625,10.8,-2,-20.475,-4.475,23.525,11.375,88.25,6.175,-10.25,-4.375,-30.375,3.725,40.975,-3.075,-11.775,-4.025,13.5,-4.25,9.05,21,0.675,-3.875,11.75,-6.625,18.75,19.425,-15.7,2.15,normal
-21.325,-8.925,62.65,4.025,0.55,6.725,-17.175,4.325,46.2,10.5,-13.05,1.6,-4.675,-0.225,59.175,3.025,-5.95,-5.575,-2.45,10.425,27.1,-4.3,-5.8,3.675,-17.125,16.8,23.45,26,-18.125,-6.375,-12.625,-0.15,-4,22.65,-11.95,-5.975,-12.75,0,49.625,-3.75,-12.4,-1.725,-5.275,4.45,24.7,7.375,6.125,-3,10.05,1.625,77.425,-1.55,-21.25,-1.775,-6.15,0.45,17.075,0.65,-11.325,0.9,1.5,-2.625,10.8,-2,-20.475,-4.475,23.525,-10.075,88.25,6.175,-10.25,-4.375,-30.375,3.725,40.975,-3.075,-11.775,-4.025,13.5,-4.25,9.05,21,0.675,-3.875,11.75,-6.625,18.75,19.425,-15.7,-5.95,collision_in_part
-21.325,109.025,62.65,-355.575,-51.55,6.725,-62.875,96.075,46.2,-194.5,-166.35,-7.6,-27.825,18.825,59.175,-39.525,-41.65,-15.225,-2.45,10.425,27.1,-43.7,-5.8,-16.625,12.325,-14.4,23.45,26,-18.125,-6.375,11.125,-22.25,164.8,22.65,-11.95,-5.975,17.35,0,49.625,-3.75,4.8,-1.725,-5.275,4.45,24.7,-12.175,6.125,-3,10.05,-12.125,77.425,-1.55,-21.25,-1.775,-6.15,0.45,17.075,-10.05,-11.325,-5.3,1.5,-2.625,10.8,-2,-20.475,-4.475,23.525,-10.075,88.25,6.175,-10.25,-4.375,-30.375,3.725,40.975,-36.125,-11.775,-16.475,13.5,-4.25,9.05,-19.8,-41.375,-3.875,11.75,-6.625,18.75,19.425,-15.7,-5.95,collision_in_tool
2.825,7.925,62.65,4.025,0.55,6.725,-17.175,22.675,46.2,-30.5,-34.95,1.6,-4.675,18.825,-86.475,-39.525,-5.95,4.075,-2.45,10.425,27.1,-4.3,29,3.675,12.325,-14.4,23.45,26,-18.125,5.475,-12.625,-0.15,-4,-21.25,-11.95,9.175,-12.75,0,49.625,-3.75,4.8,4.225,-5.275,4.45,24.7,-12.175,6.125,-3,10.05,-12.125,-69.725,18.15,13.25,-10.325,6.95,-23.35,-126.775,22.05,24.725,-5.3,1.5,-23.275,-155.6,28,20.675,-4.475,23.525,-10.075,-93.25,6.175,38.25,-4.375,35.275,-19.225,-129.075,29.975,31.375,-4.025,13.5,-31.35,-156.85,21,0.675,-3.875,11.75,-6.625,-133.75,19.425,20.1,-5.95,bottom_collision
2.825,7.925,62.65,4.025,0.55,-6.825,5.675,4.325,46.2,10.5,-13.05,1.6,-4.675,-0.225,59.175,3.025,-5.95,-5.575,-2.45,10.425,27.1,-4.3,-5.8,3.675,12.325,-14.4,23.45,26,-18.125,5.475,-12.625,-0.15,-4,22.65,-11.95,-5.975,-12.75,0,49.625,-3.75,-12.4,-1.725,-5.275,4.45,24.7,7.375,6.125,-3,10.05,1.625,77.425,-1.55,-21.25,-1.775,-6.15,0.45,17.075,0.65,-11.325,0.9,1.5,-2.625,10.8,-2,-20.475,-4.475,23.525,-10.075,88.25,6.175,-10.25,-4.375,-30.375,3.725,40.975,-3.075,-11.775,-4.025,13.5,-4.25,9.05,21,0.675,-3.875,11.75,-6.625,18.75,19.425,-15.7,2.15,normal
26.975,-8.925,62.65,4.025,52.65,-6.825,28.525,4.325,46.2,10.5,30.75,1.6,18.475,-19.275,59.175,3.025,29.75,-5.575,19.45,-15.025,27.1,35.1,29,-6.475,12.325,-14.4,23.45,26,38.425,-6.375,11.125,-0.15,-4,-21.25,15.15,-5.975,-12.75,14,49.625,-3.75,4.8,-1.725,-5.275,4.45,24.7,7.375,6.125,-3,10.05,1.625,77.425,-1.55,13.25,-1.775,6.95,0.45,17.075,0.65,24.725,-5.3,1.5,-2.625,10.8,-2,20.675,-4.475,23.525,-10.075,88.25,6.175,-10.25,-4.375,-30.375,3.725,40.975,-3.075,-11.775,-4.025,13.5,-4.25,9.05,21,0.675,-3.875,11.75,-6.625,18.75,19.425,20.1,-5.95,collision_in_tool
2.825,-8.925,62.65,-40.925,0.55,-20.375,5.675,-14.025,46.2,10.5,-13.05,-7.6,-4.675,-0.225,59.175,-39.525,-5.95,-5.575,-2.45,10.425,27.1,-43.7,-5.8,-6.475,-17.125,-14.4,23.45,-42,-18.125,-6.375,-12.625,-0.15,164.8,-21.25,-39.05,-5.975,-12.75,0,49.625,-24.25,-29.6,-7.675,-5.275,-11.85,24.7,-12.175,-33.725,-3,10.05,42.875,77.425,-80.35,13.25,-10.325,-6.15,0.45,17.075,-20.75,-47.375,-11.5,1.5,-23.275,10.8,-2,-20.475,-4.475,23.525,11.375,88.25,6.175,-10.25,-4.375,-30.375,3.725,40.975,-36.125,-11.775,-4.025,13.5,-4.25,9.05,-19.8,-41.375,-3.875,11.75,-6.625,18.75,-22.725,-15.7,-5.95,normal
2.825,-8.925,62.65,4.025,-51.55,-6.825,5.675,4.325,46.2,-30.5,-13.05,-7.6,-4.675,-19.275,59.175,3.025,-5.95,-15.225,-2.45,-15.025,27.1,-4.3,-5.8,-16.625,12.325,-14.4,23.45,-42,-18.125,-6.375,-12.625,-0.15,-4,-21.25,-11.95,-5.975,-12.75,-14,49.625,16.75,-12.4,-7.675,-5.275,4.45,24.7,-31.725,-33.725,-11.4,10.05,1.625,77.425,-21.25,-21.25,-10.325,-6.15,0.45,17.075,-10.05,-11.325,-11.5,1.5,-2.625,10.8,-2,-20.475,-4.475,23.525,-10.075,88.25,6.175,-10.25,-4.375,-30.375,-19.225,40.975,-3.075,-11.775,-16.475,13.5,-4.25,9.05,-19.8,-41.375,-3.875,11.75,-6.625,18.75,-22.725,-15.7,2.15,normal
51.125,-8.925,62.65,4.025,52.65,6.725,28.525,4.325,46.2,10.5,52.65,1.6,18.475,-0.225,59.175,3.025,29.75,4.075,19.45,-15.025,27.1,35.1,29,3.675,12.325,-14.4,23.45,26,38.425,-6.375,11.125,-0.15,-4,22.65,15.15,-5.975,17.35,0,49.625,-3.75,22,-1.725,-5.275,4.45,24.7,7.375,6.125,-3,10.05,1.625,77.425,-1.55,13.25,-1.775,-6.15,0.45,17.075,0.65,-11.325,0.9,1.5,-2.625,10.8,-2,-20.475,-4.475,23.525,-224.575,88.25,983.425,329.25,-225.625,-30.375,3.725,40.975,29.975,-11.775,-53.825,-80.5,-4.25,9.05,21,-167.525,-3.875,11.75,-6.625,18.75,-22.725,-15.7,2.15,collision_in_part
-117.925,-8.925,62.65,4.025,-259.95,47.375,-85.725,4.325,46.2,-30.5,-100.65,-7.6,-50.975,18.825,59.175,-39.525,-77.35,-5.575,-24.35,10.425,27.1,-4.3,-40.6,-6.475,-17.125,16.8,23.45,-42,-18.125,-6.375,11.125,-0.15,164.8,22.65,15.15,-5.975,17.35,-14,49.625,16.75,39.2,4.225,19.175,-11.85,24.7,7.375,45.975,13.8,10.05,1.625,77.425,-21.25,13.25,-10.325,20.05,-11.45,17.075,0.65,24.725,0.9,1.5,-2.625,10.8,-2,20.675,-4.475,23.525,11.375,88.25,6.175,-10.25,-4.375,-30.375,3.725,40.975,-3.075,-11.775,-4.025,13.5,-4.25,9.05,-19.8,0.675,-3.875,-28.95,-6.625,18.75,-22.725,-15.7,-5.95,collision_in_part
123.575,7.925,62.65,183.825,104.75,33.825,97.075,4.325,46.2,-30.5,140.25,1.6,-4.675,-0.225,59.175,3.025,-5.95,-5.575,-2.45,10.425,27.1,-4.3,-5.8,-6.475,12.325,-14.4,23.45,26,-18.125,-6.375,-12.625,-0.15,-4,22.65,-11.95,-5.975,-12.75,0,49.625,-3.75,4.8,-1.725,-5.275,4.45,24.7,7.375,6.125,-3,10.05,1.625,77.425,-1.55,13.25,-1.775,-6.15,0.45,17.075,-10.05,-11.325,-5.3,1.5,-2.625,10.8,-2,20.675,-4.475,23.525,-10.075,-93.25,6.175,-10.25,-4.375,-30.375,3.725,40.975,-3.075,-11.775,-4.025,13.5,-4.25,9.05,-19.8,0.675,-3.875,11.75,-6.625,-133.75,19.425,20.1,2.15,collision_in_part
2.825,7.925,62.65,4.025,0.55,6.725,5.675,4.325,46.2,10.5,-13.05,1.6,-4.675,-0.225,59.175,3.025,-5.95,4.075,-2.45,10.425,27.1,-4.3,-5.8,3.675,12.325,-14.4,23.45,26,-18.125,5.475,-12.625,-0.15,-4,22.65,-11.95,-5.975,-12.75,0,49.625,-3.75,-12.4,-1.725,-5.275,4.45,24.7,7.375,6.125,-3,10.05,1.625,77.425,-1.55,13.25,-1.775,-6.15,0.45,17.075,0.65,-11.325,0.9,1.5,-2.625,10.8,-2,-20.475,-4.475,23.525,11.375,88.25,6.175,-10.25,-4.375,-30.375,3.725,40.975,-3.075,-11.775,-4.025,13.5,-4.25,9.05,21,0.675,-3.875,11.75,-6.625,18.75,19.425,-15.7,2.15,normal
2.825,-8.925,62.65,4.025,52.65,-6.825,-17.175,4.325,46.2,10.5,30.75,1.6,-4.675,-0.225,-86.475,3.025,29.75,-5.575,-2.45,10.425,27.1,35.1,63.8,3.675,-17.125,16.8,23.45,26,38.425,5.475,-12.625,-0.15,-4,22.65,69.35,9.175,-12.75,0,-103.125,37.25,73.6,-1.725,-54.175,-28.15,-409.1,-12.175,-33.725,-45,-24.65,-25.875,-364.025,-1.55,13.25,-44.525,-32.35,-35.25,-558.325,22.05,96.825,-85.9,-45.5,-43.925,-987.6,28,185.275,-192.725,-110.775,-31.525,-1363.75,6.175,280.75,-225.625,-161.675,3.725,-1829.575,-102.225,290.275,-190.775,-221.5,-4.25,-2313.55,-142.2,252.975,-240.125,-69.65,22.625,-591.25,-64.875,55.9,-22.15,bottom_obstruction
2.825,7.925,62.65,4.025,0.55,6.725,-17.175,4.325,46.2,10.5,-13.05,1.6,-4.675,-0.225,59.175,3.025,-5.95,4.075,-2.45,10.425,27.1,-4.3,-5.8,3.675,12.325,-14.4,23.45,26,-18.125,5.475,-12.625,-0.15,-4,-21.25,-11.95,9.175,-12.75,0,49.625,-3.75,4.8,4.225,-5.275,4.45,24.7,-12.175,6.125,-3,10.05,1.625,-69.725,-1.55,13.25,-1.775,6.95,0.45,17.075,-10.05,-11.325,0.9,189.5,-353.675,-2318.8,-272,-514.275,45.725,224.975,-353.275,-2271.25,-254.425,-495.25,54.625,232.225,-340.525,-2339.725,-267.475,-486.425,45.775,201.5,-329.45,-2313.55,-264.6,-503.925,43.375,215.25,-328.375,-2268.75,-275.625,-481.1,50.75,bottom_obstruction
2.825,7.925,62.65,-40.925,-51.55,-6.825,5.675,4.325,46.2,-30.5,-13.05,-7.6,-4.675,-19.275,59.175,3.025,-5.95,-15.225,-2.45,-15.025,27.1,-4.3,-5.8,-6.475,-17.125,-14.4,23.45,-42,-18.125,-6.375,-12.625,-0.15,164.8,-21.25,-39.05,-5.975,-12.75,14,49.625,-44.75,-29.6,-13.625,-5.275,-11.85,24.7,-12.175,-33.725,-11.4,10.05,-12.125,77.425,-1.55,-21.25,-10.325,-6.15,12.35,17.075,-42.15,-11.325,-5.3,1.5,-2.625,10.8,-2,-20.475,-4.475,23.525,11.375,88.25,-58.975,-10.25,-4.375,35.275,3.725,40.975,-3.075,-11.775,-4.025,13.5,-4.25,9.05,21,-41.375,-3.875,11.75,22.625,18.75,-64.875,-15.7,-5.95,collision_in_part
2.825,7.925,62.65,4.025,0.55,-6.825,-17.175,4.325,46.2,10.5,-13.05,-7.6,-4.675,-0.225,59.175,3.025,-5.95,-5.575,-2.45,10.425,27.1,-4.3,-5.8,-6.475,-17.125,16.8,23.45,26,-18.125,-6.375,-12.625,-0.15,-4,-21.25,-11.95,-5.975,-12.75,0,49.625,-3.75,-12.4,-1.725,-5.275,4.45,24.7,7.375,6.125,-3,10.05,1.625,77.425,-1.55,-21.25,-1.775,6.95,0.45,17.075,0.65,-11.325,-5.3,1.5,-2.625,10.8,-2,-20.475,-4.475,23.525,11.375,-93.25,6.175,-10.25,-4.375,-30.375,3.725,40.975,-3.075,-11.775,-4.025,13.5,-4.25,9.05,21,0.675,-3.875,11.75,-6.625,18.75,-22.725,-15.7,-5.95,collision_in_part
340.925,-160.575,-3517.55,318.675,-259.95,47.375,325.575,-160.825,-3176.2,297.5,-232.05,56.8,226.825,-19.275,-86.475,45.575,458.15,4.075,107.05,-40.475,27.1,35.1,203,3.675,71.225,-14.4,23.45,26,94.975,5.475,106.125,-44.35,-4,66.55,204.85,9.175,47.45,-28,49.625,37.25,73.6,4.225,-5.275,4.45,24.7,-12.175,-33.725,5.4,-24.65,1.625,-69.725,-1.55,-21.25,-1.775,-6.15,0.45,17.075,0.65,-11.325,0.9,1.5,-2.625,10.8,-2,-20.475,8.075,23.525,11.375,88.25,6.175,-10.25,-4.375,-30.375,3.725,40.975,-3.075,-11.775,-4.025,13.5,-4.25,9.05,-19.8,0.675,-3.875,11.75,-6.625,18.75,19.425,20.1,2.15,bottom_obstruction
-45.475,-25.775,62.65,48.975,-103.65,-47.475,-85.725,-14.025,46.2,10.5,-210.15,47.6,-27.825,-19.275,59.175,45.575,-77.35,4.075,-2.45,-15.025,27.1,35.1,-5.8,-6.475,12.325,16.8,23.45,-42,38.425,-6.375,11.125,21.95,-4,-21.25,-11.95,-5.975,-12.75,-28,49.625,16.75,-12.4,-13.625,-5.275,4.45,24.7,-12.175,-33.725,-11.4,-24.65,1.625,77.425,-1.55,-21.25,-10.325,-6.15,0.45,17.075,-10.05,-11.325,-5.3,1.5,-2.625,10.8,-2,-20.475,-4.475,23.525,-10.075,88.25,6.175,-10.25,-19.125,-30.375,3.725,40.975,-3.075,-11.775,-4.025,13.5,-4.25,9.05,-19.8,-41.375,-3.875,11.75,-6.625,18.75,-22.725,-15.7,-5.95,collision_in_part
2.825,-8.925,62.65,4.025,0.55,-6.825,5.675,4.325,46.2,10.5,8.85,1.6,18.475,-0.225,59.175,3.025,29.75,-5.575,-2.45,10.425,27.1,-4.3,-5.8,3.675,12.325,-14.4,23.45,26,-18.125,-6.375,11.125,-0.15,-4,22.65,15.15,-5.975,17.35,0,49.625,-3.75,4.8,-1.725,-5.275,4.45,24.7,-12.175,6.125,-3,-24.65,1.625,-69.725,-1.55,-21.25,-1.775,-6.15,12.35,17.075,-20.75,-11.325,0.9,1.5,18.025,10.8,-2,-20.475,-4.475,-43.625,11.375,88.25,6.175,-10.25,-4.375,-30.375,3.725,40.975,-3.075,-11.775,-4.025,13.5,-4.25,9.05,21,0.675,-3.875,11.75,-6.625,18.75,19.425,-15.7,2.15,collision_in_part
-21.325,24.775,62.65,-40.925,0.55,-6.825,-17.175,4.325,46.2,-30.5,-13.05,-7.6,-4.675,-0.225,59.175,3.025,-5.95,-5.575,-2.45,10.425,27.1,-4.3,-5.8,-6.475,-17.125,16.8,23.45,26,-18.125,-6.375,-12.625,-0.15,-4,-21.25,-11.95,-5.975,-12.75,0,49.625,16.75,-12.4,-1.725,-5.275,4.45,24.7,7.375,6.125,-3,10.05,1.625,77.425,-1.55,13.25,-1.775,-6.15,0.45,17.075,0.65,-11.325,-5.3,1.5,-2.625,10.8,-2,20.675,-4.475,23.525,-10.075,88.25,6.175,-10.25,-4.375,-30.375,3.725,40.975,-3.075,-11.775,-4.025,13.5,-4.25,9.05,-19.8,0.675,-3.875,11.75,-6.625,18.75,19.425,20.1,-5.95,collision_in_tool
2.825,-8.925,-136.25,48.975,0.55,20.275,5.675,4.325,-123.4,51.5,30.75,10.8,18.475,37.875,-86.475,3.025,29.75,13.725,19.45,10.425,-132.7,35.1,29,13.825,-223.275,235.2,-812.05,-790,-696.725,-6.375,34.875,-0.15,-1354.4,-109.05,-147.45,-51.425,17.35,-14,-1325.125,-126.75,-184.4,-85.025,-5.275,4.45,-1276.7,-168.575,-193.125,-87,10.05,15.375,-1246.925,-159.15,-228.25,-78.725,33.15,-11.45,-1421.425,-95.65,-155.525,-61.1,1.5,-2.625,-1154,-152,-185.075,-92.325,23.525,11.375,-1182.25,-189.275,-204.25,-78.125,35.275,-19.225,-1319.425,-102.225,-141.225,-53.825,13.5,-4.25,-1318.15,-142.2,-209.575,-82.625,11.75,-6.625,-1201.25,-149.175,-194.7,-86.95,bottom_obstruction
2.825,-8.925,62.65,4.025,0.55,6.725,5.675,4.325,-123.4,10.5,-13.05,1.6,18.475,-0.225,-86.475,3.025,-41.65,4.075,19.45,10.425,27.1,-4.3,-5.8,-6.475,12.325,16.8,23.45,26,-18.125,5.475,11.125,-0.15,-4,22.65,-11.95,9.175,17.35,0,-103.125,-3.75,22,4.225,19.175,4.45,24.7,-12.175,6.125,5.4,10.05,1.625,-69.725,-1.55,13.25,6.775,20.05,0.45,17.075,0.65,24.725,7.1,1.5,-2.625,10.8,28,61.825,33.175,23.525,-31.525,88.25,136.475,-10.25,25.125,35.275,-19.225,40.975,63.025,-11.775,8.425,13.5,-4.25,9.05,-19.8,0.675,-3.875,11.75,-6.625,18.75,-22.725,-15.7,2.15,bottom_collision
2.825,7.925,62.65,4.025,0.55,6.725,5.675,4.325,46.2,10.5,-13.05,1.6,-4.675,-0.225,59.175,3.025,-5.95,4.075,-2.45,10.425,27.1,-4.3,-5.8,3.675,-17.125,-14.4,23.45,26,-18.125,5.475,-12.625,-0.15,-4,-21.25,15.15,-5.975,-12.75,0,49.625,-3.75,4.8,4.225,-5.275,4.45,24.7,7.375,6.125,-3,10.05,1.625,-69.725,-1.55,13.25,-1.775,-6.15,0.45,17.075,-10.05,-11.325,0.9,1.5,-2.625,10.8,-2,20.675,8.075,-43.625,-10.075,-93.25,6.175,-10.25,10.375,-30.375,3.725,-129.075,-3.075,-11.775,8.425,-33.5,-31.35,-322.75,-19.8,0.675,-3.875,-28.95,-35.875,-743.75,-64.875,127.5,-5.95,bottom_collision
-21.325,7.925,62.65,4.025,0.55,6.725,-17.175,4.325,46.2,10.5,-34.95,1.6,-4.675,-0.225,59.175,3.025,-5.95,4.075,-2.45,10.425,27.1,-4.3,-5.8,3.675,-17.125,16.8,23.45,26,-18.125,-6.375,-12.625,21.95,-4,-21.25,-11.95,-5.975,-12.75,14,49.625,-3.75,-12.4,-1.725,-5.275,4.45,24.7,-12.175,-33.725,-3,-24.65,1.625,77.425,-1.55,-21.25,-1.775,-6.15,0.45,17.075,0.65,-11.325,0.9,1.5,-2.625,10.8,-2,-20.475,-4.475,23.525,-10.075,88.25,6.175,-10.25,-4.375,-30.375,3.725,40.975,-3.075,-11.775,-4.025,13.5,-4.25,9.05,21,0.675,-3.875,11.75,-6.625,18.75,19.425,-15.7,2.15,collision_in_part
2.825,-8.925,62.65,4.025,0.55,6.725,5.675,4.325,46.2,10.5,8.85,1.6,-4.675,-0.225,59.175,3.025,29.75,4.075,-2.45,10.425,27.1,-4.3,-5.8,3.675,12.325,16.8,23.45,26,-18.125,5.475,-12.625,-0.15,-4,-21.25,15.15,9.175,-12.75,0,-103.125,-3.75,4.8,4.225,-29.725,-11.85,-119.9,-12.175,6.125,5.4,-24.65,-12.125,-364.025,-21.25,13.25,-1.775,-32.35,-35.25,-702.175,-52.85,132.875,-11.5,-92.5,-43.925,-987.6,-92,102.975,-17.025,23.525,-10.075,88.25,6.175,-10.25,-4.375,35.275,3.725,40.975,-3.075,-11.775,-4.025,13.5,-4.25,9.05,-19.8,0.675,-3.875,11.75,-6.625,18.75,-22.725,-15.7,2.15,bottom_collision
-21.325,-25.775,-136.25,-130.825,52.65,6.725,-17.175,-32.375,-462.6,-71.5,96.45,10.8,-27.825,-95.475,-1106.025,-209.725,243.95,13.725,41.35,-40.475,27.1,35.1,63.8,-6.475,12.325,-14.4,23.45,26,38.425,-6.375,11.125,-0.15,-4,-21.25,15.15,-5.975,-12.75,0,49.625,-3.75,4.8,-1.725,19.175,4.45,24.7,7.375,6.125,-3,-24.65,1.625,77.425,-21.25,-21.25,-1.775,6.95,0.45,17.075,0.65,-11.325,0.9,1.5,-2.625,10.8,-2,-20.475,-4.475,-43.625,11.375,88.25,6.175,-10.25,-4.375,-30.375,3.725,40.975,-3.075,-11.775,-4.025,13.5,-4.25,9.05,-19.8,0.675,-3.875,-28.95,-6.625,18.75,-22.725,-15.7,-5.95,bottom_collision
26.975,-42.625,62.65,4.025,0.55,-61.025,-17.175,4.325,46.2,10.5,-13.05,1.6,-4.675,18.825,59.175,-39.525,-5.95,4.075,-2.45,10.425,27.1,-4.3,-5.8,3.675,-17.125,-14.4,23.45,26,-18.125,-6.375,-12.625,-0.15,-4,-21.25,-11.95,-5.975,-12.75,0,49.625,-3.75,-12.4,-1.725,-5.275,4.45,24.7,7.375,6.125,-3,10.05,1.625,77.425,-1.55,-21.25,-1.775,-6.15,0.45,17.075,0.65,-11.325,0.9,1.5,-2.625,10.8,-2,-20.475,-4.475,23.525,-10.075,-93.25,6.175,-10.25,-4.375,-30.375,3.725,40.975,-3.075,-11.775,-4.025,13.5,-4.25,9.05,21,0.675,-3.875,11.75,-6.625,18.75,19.425,20.1,2.15,collision_in_part
2.825,7.925,62.65,4.025,0.55,6.725,5.675,4.325,46.2,10.5,-13.05,1.6,-4.675,-0.225,59.175,3.025,-5.95,-5.575,-2.45,10.425,27.1,-4.3,-5.8,3.675,12.325,-14.4,23.45,26,-18.125,5.475,-12.625,-0.15,-4,22.65,-11.95,-5.975,-12.75,0,49.625,-3.75,-12.4,-1.725,-5.275,4.45,24.7,7.375,6.125,-3,10.05,1.625,77.425,-1.55,-21.25,-1.775,-6.15,0.45,17.075,0.65,-11.325,0.9,1.5,-2.625,10.8,-2,-20.475,-4.475,23.525,-10.075,88.25,6.175,-10.25,-4.375,-30.375,3.725,40.975,-3.075,-11.775,-4.025,13.5,-4.25,9.05,21,0.675,-3.875,11.75,-6.625,18.75,19.425,-15.7,2.15,normal
2.825,-8.925,62.65,4.025,0.55,-6.825,5.675,4.325,46.2,10.5,-13.05,-7.6,-4.675,-0.225,59.175,-39.525,-5.95,-5.575,-2.45,-15.025,27.1,-4.3,-5.8,-6.475,-17.125,16.8,23.45,-42,-18.125,-6.375,-12.625,44.05,-4,-109.05,-39.05,-36.275,-12.75,-14,49.625,-3.75,-12.4,-13.625,-5.275,-11.85,24.7,7.375,-33.725,-11.4,-24.65,-25.875,77.425,18.15,-21.25,-1.775,-19.25,-23.35,17.075,22.05,-47.375,-11.5,1.5,-2.625,10.8,-2,-20.475,-4.475,23.525,11.375,88.25,6.175,-10.25,-4.375,-30.375,-19.225,40.975,-3.075,-11.775,-4.025,13.5,-4.25,9.05,-19.8,0.675,-3.875,11.75,-6.625,18.75,-22.725,-15.7,-5.95,collision_in_tool
2.825,7.925,62.65,4.025,0.55,-6.825,5.675,4.325,46.2,10.5,-13.05,1.6,-4.675,-0.225,59.175,3.025,-5.95,-5.575,-2.45,10.425,27.1,-4.3,-5.8,-6.475,12.325,-14.4,23.45,26,-18.125,-6.375,-12.625,-0.15,-4,22.65,-11.95,-5.975,-12.75,0,49.625,-3.75,4.8,-1.725,-5.275,4.45,24.7,7.375,6.125,-3,10.05,1.625,-69.725,-1.55,13.25,-1.775,6.95,0.45,17.075,11.35,-11.325,-5.3,1.5,-2.625,10.8,-2,20.675,-4.475,23.525,11.375,88.25,6.175,-10.25,-4.375,-30.375,3.725,40.975,-3.075,-11.775,-4.025,13.5,-4.25,9.05,21,0.675,-3.875,11.75,-6.625,18.75,19.425,-15.7,-5.95,collision_in_part
-21.325,24.775,62.65,-85.875,0.55,-20.375,28.525,22.675,46.2,10.5,52.65,20,18.475,-19.275,59.175,3.025,29.75,-5.575,-2.45,-15.025,27.1,35.1,-5.8,-6.475,12.325,-14.4,23.45,26,-18.125,-6.375,-12.625,-0.15,-4,-21.25,15.15,-5.975,-12.75,0,49.625,-3.75,4.8,-1.725,-5.275,4.45,24.7,7.375,6.125,-3,10.05,1.625,77.425,-1.55,13.25,-1.775,-6.15,0.45,17.075,0.65,-11.325,-5.3,1.5,-2.625,10.8,-2,20.675,-4.475,23.525,11.375,88.25,6.175,-10.25,-4.375,-30.375,3.725,40.975,-3.075,-11.775,-4.025,13.5,-4.25,9.05,-19.8,0.675,-3.875,11.75,-6.625,18.75,-22.725,-15.7,-5.95,collision_in_part
51.125,-8.925,62.65,48.975,208.95,-20.375,28.525,4.325,46.2,10.5,118.35,-26,41.625,-0.225,59.175,3.025,136.85,-34.525,19.45,10.425,27.1,-4.3,133.4,-36.925,41.775,16.8,23.45,26,94.975,-30.075,11.125,-0.15,-4,-21.25,96.45,-21.125,17.35,14,49.625,-3.75,73.6,-19.575,-5.275,4.45,24.7,-12.175,-33.725,-3,10.05,1.625,77.425,-1.55,-21.25,-1.775,6.95,0.45,17.075,0.65,-11.325,0.9,1.5,-2.625,10.8,-2,-20.475,-4.475,23.525,-10.075,88.25,6.175,-10.25,-4.375,-30.375,3.725,40.975,-3.075,-11.775,-4.025,13.5,-4.25,9.05,-19.8,0.675,-3.875,11.75,-6.625,18.75,-22.725,-15.7,-5.95,collision_in_part
2.825,7.925,62.65,4.025,0.55,-6.825,5.675,4.325,46.2,10.5,-13.05,1.6,-4.675,-0.225,59.175,3.025,-5.95,4.075,-2.45,10.425,27.1,-4.3,-5.8,3.675,12.325,16.8,23.45,26,-18.125,-6.375,-12.625,-0.15,-4,22.65,-11.95,-5.975,-12.75,0,49.625,-3.75,-12.4,-1.725,-5.275,4.45,24.7,7.375,6.125,-3,10.05,1.625,77.425,-1.55,13.25,-1.775,-6.15,0.45,17.075,0.65,-11.325,0.9,1.5,-2.625,10.8,-2,-20.475,-4.475,23.525,11.375,88.25,6.175,-10.25,-4.375,-30.375,3.725,40.975,-3.075,-11.775,-4.025,13.5,-4.25,9.05,21,0.675,-3.875,11.75,-6.625,18.75,19.425,-15.7,2.15,normal
2.825,7.925,62.65,4.025,0.55,-6.825,5.675,4.325,46.2,-30.5,-13.05,-7.6,-4.675,-0.225,59.175,3.025,-5.95,-5.575,-2.45,10.425,27.1,-4.3,-5.8,-6.475,-17.125,-14.4,23.45,26,-18.125,-6.375,-12.625,-22.25,164.8,22.65,-39.05,-5.975,-12.75,0,49.625,-3.75,-12.4,-7.675,-5.275,-11.85,24.7,7.375,6.125,-11.4,10.05,1.625,77.425,-1.55,-21.25,-1.775,6.95,0.45,17.075,0.65,-11.325,-5.3,1.5,-2.625,10.8,-2,-20.475,-4.475,23.525,-10.075,88.25,6.175,-10.25,-4.375,-30.375,3.725,40.975,-36.125,-11.775,-4.025,13.5,-4.25,9.05,21,-41.375,-3.875,11.75,-6.625,18.75,-22.725,-15.7,-5.95,normal
2.825,7.925,62.65,4.025,0.55,6.725,5.675,4.325,-123.4,10.5,8.85,1.6,18.475,-0.225,-86.475,3.025,-5.95,4.075,19.45,10.425,-132.7,-4.3,-5.8,3.675,12.325,16.8,23.45,26,-18.125,5.475,11.125,-0.15,-4,-21.25,-11.95,9.175,17.35,0,-103.125,-3.75,-12.4,-1.725,19.175,4.45,24.7,7.375,6.125,5.4,10.05,15.375,-216.875,-21.25,13.25,-1.775,33.15,24.25,-414.475,22.05,24.725,13.3,142.5,38.675,-987.6,148,102.975,33.175,224.975,54.275,-1726.75,331.925,135.25,54.625,232.225,95.525,-2339.725,360.475,31.375,45.775,295.5,185.45,-2645.35,265.8,-41.375,43.375,296.65,227.375,-2878.75,230.175,-15.7,18.35,bottom_obstruction
2.825,7.925,62.65,4.025,0.55,-6.825,5.675,4.325,46.2,-30.5,-13.05,1.6,-4.675,-0.225,59.175,3.025,-5.95,-5.575,-2.45,-15.025,27.1,-4.3,-5.8,-6.475,12.325,-14.4,23.45,26,-18.125,-6.375,-12.625,-0.15,164.8,22.65,-11.95,-5.975,-12.75,0,49.625,-3.75,-12.4,-13.625,-5.275,4.45,24.7,-12.175,-33.725,-11.4,10.05,-12.125,77.425,-1.55,-21.25,-10.325,-6.15,0.45,17.075,-20.75,-11.325,-5.3,1.5,-2.625,10.8,-32,-20.475,-4.475,23.525,-10.075,88.25,6.175,-10.25,-4.375,-30.375,3.725,40.975,-3.075,-11.775,-4.025,13.5,-4.25,9.05,-19.8,0.675,-3.875,11.75,-6.625,18.75,19.425,-15.7,-5.95,normal
26.975,7.925,-136.25,4.025,0.55,6.725,28.525,4.325,-123.4,10.5,8.85,1.6,41.625,-0.225,-86.475,3.025,-5.95,4.075,-2.45,10.425,27.1,-4.3,-5.8,3.675,12.325,-14.4,23.45,26,-18.125,5.475,-12.625,-0.15,-4,-21.25,-11.95,9.175,17.35,0,-103.125,-3.75,4.8,10.175,-5.275,-11.85,-119.9,7.375,6.125,13.8,10.05,-12.125,-69.725,18.15,13.25,6.775,6.95,-11.45,17.075,-20.75,-11.325,-11.5,424.5,-64.575,-3150.8,298,-185.075,45.725,426.425,-74.425,-3360.25,331.925,-155.75,25.125,429.175,-65.125,-3189.975,294.375,-184.375,20.875,436.5,-31.35,-3143.05,265.8,-209.575,27.625,-191.75,81.125,-438.75,-359.925,-445.3,34.55,bottom_obstruction
2.825,-8.925,62.65,4.025,0.55,-6.825,5.675,4.325,46.2,-30.5,-13.05,-16.8,-4.675,-0.225,59.175,3.025,-5.95,-5.575,-2.45,10.425,27.1,-4.3,-40.6,-6.475,-17.125,16.8,23.45,-42,-18.125,-6.375,-12.625,-0.15,-4,-21.25,-11.95,-5.975,-12.75,0,49.625,-3.75,-29.6,-7.675,-5.275,4.45,24.7,-31.725,-33.725,-3,10.05,-12.125,77.425,-1.55,-21.25,-10.325,-6.15,12.35,17.075,-42.15,-11.325,-11.5,1.5,-2.625,10.8,-32,-20.475,-17.025,23.525,-10.075,88.25,6.175,-10.25,-4.375,-30.375,3.725,40.975,-36.125,-11.775,-4.025,13.5,-4.25,9.05,-19.8,-41.375,-19.625,11.75,-6.625,18.75,-22.725,-15.7,-5.95,normal
2.825,-8.925,62.65,4.025,0.55,-6.825,-17.175,-14.025,46.2,-30.5,-78.75,-44.4,-27.825,-19.275,59.175,3.025,-5.95,-5.575,-2.45,-15.025,27.1,-4.3,-5.8,3.675,-17.125,16.8,23.45,26,-18.125,5.475,11.125,21.95,164.8,-21.25,15.15,-5.975,17.35,0,49.625,16.75,22,-1.725,19.175,4.45,24.7,-12.175,6.125,-3,10.05,1.625,77.425,-1.55,13.25,-10.325,-6.15,-11.45,17.075,22.05,-11.325,0.9,1.5,-2.625,10.8,-2,-20.475,-4.475,23.525,-10.075,88.25,6.175,38.25,-4.375,-30.375,3.725,40.975,-3.075,-11.775,-4.025,13.5,-4.25,9.05,-19.8,0.675,-3.875,11.75,-6.625,18.75,-22.725,20.1,2.15,collision_in_part
2.825,-8.925,62.65,4.025,0.55,6.725,5.675,4.325,46.2,10.5,8.85,1.6,-120.425,-57.375,-523.425,45.575,-113.05,-5.575,-90.05,-40.475,-452.3,74.5,-75.4,-6.475,-76.025,-45.6,-477.85,94,-18.125,-6.375,-107.625,-44.35,-341.6,66.55,-93.25,-5.975,-72.95,-28,-408.625,57.75,-29.6,-7.675,-78.625,-44.45,-409.1,46.475,-33.725,-11.4,-59.35,-39.625,-364.025,57.55,-21.25,-10.325,-45.45,-35.25,-270.625,54.15,-11.325,-5.3,1.5,-2.625,10.8,-2,-20.475,8.075,-43.625,11.375,-93.25,6.175,-10.25,-4.375,-30.375,3.725,40.975,-3.075,-11.775,-4.025,13.5,-4.25,9.05,-19.8,0.675,-3.875,11.75,-6.625,18.75,-22.725,-15.7,2.15,bottom_collision
51.125,24.775,62.65,-85.875,104.75,-20.375,28.525,22.675,46.2,-30.5,8.85,-7.6,18.475,18.825,59.175,-39.525,29.75,-5.575,-2.45,-15.025,27.1,-4.3,-40.6,-16.625,12.325,-14.4,23.45,26,-18.125,-6.375,-12.625,-22.25,164.8,22.65,-39.05,-5.975,-12.75,-14,49.625,16.75,-46.8,-7.675,-5.275,4.45,24.7,-31.725,-33.725,-11.4,10.05,-12.125,77.425,-1.55,-21.25,-1.775,6.95,0.45,17.075,-20.75,-11.325,-5.3,1.5,-2.625,10.8,-2,-20.475,-4.475,23.525,-10.075,88.25,6.175,-10.25,-4.375,-30.375,3.725,40.975,-3.075,-11.775,-4.025,13.5,-4.25,9.05,-19.8,0.675,-3.875,11.75,-6.625,18.75,19.425,-15.7,2.15,collision_in_part
2.825,7.925,62.65,4.025,0.55,6.725,5.675,4.325,46.2,10.5,8.85,1.6,-4.675,-0.225,59.175,3.025,-5.95,4.075,19.45,10.425,27.1,-4.3,-5.8,3.675,12.325,-14.4,23.45,-42,-18.125,5.475,-12.625,-0.15,-4,-21.25,-11.95,-5.975,17.35,0,49.625,-3.75,4.8,4.225,-5.275,-11.85,24.7,7.375,6.125,-3,10.05,1.625,-69.725,-1.55,13.25,-1.775,-6.15,0.45,17.075,-10.05,-11.325,0.9,1.5,-2.625,10.8,-2,20.675,8.075,23.525,-10.075,-274.75,6.175,38.25,-4.375,35.275,-19.225,-129.075,-3.075,31.375,-4.025,13.5,-4.25,-156.85,21,0.675,-3.875,11.75,-6.625,-133.75,19.425,20.1,-5.95,bottom_collision
-93.775,92.175,-136.25,-130.825,-103.65,-6.825,-108.575,22.675,46.2,-30.5,-166.35,-7.6,-97.275,-0.225,-86.475,3.025,-113.05,-5.575,-46.25,10.425,27.1,-4.3,-40.6,-6.475,-46.575,16.8,23.45,-42,-74.675,-6.375,-36.375,-0.15,-4,-21.25,-39.05,-5.975,-12.75,-28,49.625,37.25,-12.4,-1.725,-5.275,-11.85,24.7,7.375,6.125,-3,10.05,1.625,-69.725,-1.55,13.25,-1.775,6.95,0.45,17.075,0.65,-11.325,-5.3,1.5,-2.625,10.8,-2,20.675,-4.475,23.525,-10.075,88.25,6.175,-10.25,-4.375,-30.375,3.725,40.975,-3.075,-11.775,-4.025,13.5,-4.25,9.05,-19.8,0.675,-3.875,11.75,-6.625,18.75,-22.725,-15.7,-5.95,collision_in_part
2.825,-8.925,62.65,4.025,0.55,6.725,5.675,-14.025,-123.4,10.5,8.85,1.6,-4.675,-19.275,-232.125,3.025,-5.95,4.075,-2.45,10.425,27.1,-43.7,-5.8,3.675,-17.125,16.8,23.45,-42,-18.125,5.475,-12.625,-0.15,-4,-21.25,-11.95,-5.975,-12.75,0,49.625,-3.75,-12.4,4.225,-29.725,4.45,24.7,7.375,-33.725,-3,-24.65,1.625,77.425,-1.55,-21.25,-1.775,-6.15,0.45,17.075,-10.05,-11.325,0.9,1.5,-2.625,10.8,-2,20.675,8.075,23.525,-10.075,-93.25,6.175,-10.25,-4.375,-30.375,3.725,40.975,-3.075,-11.775,-4.025,13.5,-4.25,9.05,21,0.675,-3.875,11.75,-6.625,18.75,19.425,-15.7,2.15,bottom_obstruction
2.825,-8.925,62.65,4.025,0.55,-6.825,5.675,-14.025,46.2,10.5,-13.05,1.6,-4.675,-0.225,59.175,3.025,-5.95,-15.225,-2.45,-15.025,27.1,-4.3,-40.6,-6.475,12.325,16.8,23.45,-42,-18.125,-6.375,-12.625,-0.15,164.8,-21.25,-11.95,-5.975,-12.75,0,49.625,-3.75,-29.6,-7.675,-5.275,-11.85,24.7,-12.175,-33.725,-3,10.05,1.625,77.425,-1.55,-21.25,-1.775,-6.15,-11.45,17.075,-10.05,-11.325,-5.3,1.5,-2.625,10.8,-2,-20.475,-4.475,23.525,-10.075,88.25,6.175,-10.25,-4.375,-30.375,3.725,40.975,-3.075,-11.775,-4.025,13.5,-4.25,9.05,-19.8,0.675,-3.875,11.75,-6.625,18.75,19.425,-15.7,-5.95,normal
2.825,7.925,62.65,4.025,0.55,6.725,5.675,4.325,46.2,10.5,8.85,1.6,-4.675,-0.225,59.175,3.025,-5.95,4.075,-2.45,10.425,27.1,-4.3,-5.8,3.675,-17.125,-14.4,23.45,26,-18.125,5.475,-12.625,-0.15,-4,22.65,-11.95,9.175,-12.75,0,49.625,-3.75,4.8,4.225,-5.275,4.45,24.7,7.375,6.125,5.4,10.05,1.625,77.425,-1.55,13.25,-1.775,-6.15,0.45,17.075,0.65,-11.325,0.9,1.5,-2.625,10.8,-2,-20.475,8.075,23.525,11.375,88.25,6.175,-10.25,-4.375,-30.375,3.725,40.975,-3.075,-11.775,-4.025,13.5,-4.25,9.05,21,0.675,-3.875,11.75,-6.625,18.75,19.425,-15.7,2.15,normal
-21.325,-25.775,62.65,48.975,-51.55,-20.375,-17.175,-14.025,46.2,10.5,-34.95,1.6,-27.825,-0.225,59.175,3.025,-41.65,-5.575,-24.35,-15.025,27.1,-4.3,-40.6,-6.475,-17.125,-14.4,23.45,26,-18.125,-6.375,11.125,-0.15,-4,-21.25,15.15,9.175,17.35,0,49.625,-3.75,4.8,4.225,-5.275,-11.85,24.7,7.375,6.125,-11.4,10.05,1.625,77.425,-1.55,13.25,-1.775,-6.15,0.45,17.075,11.35,-11.325,0.9,1.5,-2.625,10.8,-2,-20.475,8.075,23.525,11.375,88.25,6.175,-10.25,-4.375,-30.375,3.725,40.975,-3.075,-11.775,-4.025,13.5,-4.25,9.05,21,0.675,-3.875,11.75,-6.625,18.75,-22.725,20.1,-5.95,collision_in_tool
-45.475,24.775,62.65,-40.925,-51.55,-6.825,-40.025,22.675,46.2,-30.5,-34.95,-7.6,-27.825,18.825,59.175,3.025,-41.65,-5.575,-2.45,10.425,27.1,-4.3,-5.8,-6.475,12.325,-14.4,23.45,26,-18.125,-6.375,11.125,-0.15,-4,22.65,15.15,-5.975,17.35,0,49.625,16.75,22,-1.725,-5.275,4.45,24.7,7.375,6.125,-3,10.05,1.625,77.425,-1.55,13.25,-1.775,-6.15,0.45,17.075,0.65,-11.325,-5.3,1.5,-2.625,10.8,-2,-20.475,-4.475,23.525,11.375,88.25,6.175,-10.25,-4.375,-30.375,3.725,40.975,-3.075,-11.775,-4.025,13.5,-4.25,9.05,21,0.675,-3.875,11.75,-6.625,18.75,19.425,-15.7,-5.95,collision_in_tool
-69.625,125.875,62.65,-175.775,-51.55,20.275,-17.175,59.375,46.2,-71.5,-34.95,-16.8,-4.675,37.875,59.175,-82.075,-5.95,4.075,19.45,35.875,27.1,-43.7,29,-6.475,12.325,-14.4,23.45,26,-18.125,-18.225,11.125,-22.25,-4,22.65,-11.95,9.175,-12.75,-14,49.625,16.75,-29.6,-7.675,-5.275,-11.85,24.7,26.925,-33.725,-3,10.05,1.625,77.425,-21.25,-21.25,-1.775,-6.15,12.35,17.075,-20.75,-11.325,-5.3,1.5,-23.275,10.8,28,-20.475,-4.475,23.525,11.375,88.25,6.175,-10.25,-4.375,-30.375,3.725,40.975,-3.075,-11.775,-4.025,13.5,-4.25,9.05,21,0.675,-3.875,11.75,-6.625,18.75,-22.725,-15.7,-14.05,collision_in_tool
2.825,-8.925,62.65,4.025,0.55,6.725,5.675,4.325,46.2,10.5,-13.05,1.6,-4.675,-0.225,59.175,3.025,-5.95,4.075,-2.45,-15.025,27.1,-4.3,-5.8,3.675,12.325,-14.4,23.45,26,-18.125,5.475,-12.625,-22.25,-4,22.65,-11.95,-5.975,-12.75,-14,-103.125,16.75,4.8,-1.725,-5.275,-11.85,24.7,7.375,6.125,-3,10.05,-12.125,-69.725,18.15,13.25,-1.775,6.95,-11.45,17.075,11.35,-11.325,0.9,-421.5,-353.675,-2651.6,118,-20.475,-104.875,-446.525,-331.825,-2815.75,6.175,38.25,-19.125,-489.925,-340.525,-3019.925,-36.125,74.525,-16.475,-456.5,-329.45,-2977.15,-142.2,168.875,11.875,-476.65,-299.125,-2878.75,-191.325,163.3,18.35,bottom_obstruction
26.975,-8.925,-136.25,4.025,0.55,-20.375,28.525,-14.025,-293,-30.5,-56.85,-7.6,41.625,-19.275,-232.125,-39.525,-5.95,-5.575,63.25,-15.025,-292.5,-4.3,-40.6,-6.475,41.775,-14.4,-310.75,-42,-18.125,-6.375,34.875,-22.25,-172.8,-21.25,-66.15,-5.975,47.45,-42,-255.875,37.25,-81.2,4.225,214.775,-142.25,-1565.9,-129.475,-472.075,13.8,218.25,-149.625,-1688.375,-60.65,-469.75,15.325,203.45,-154.25,-1709.125,-74.25,-479.975,31.9,236.5,-167.825,-1986,-122,-555.425,45.725,224.975,-160.225,-2089.75,-124.125,-543.75,54.625,166.575,-133.975,-1999.625,-36.125,-486.425,45.775,201.5,-166.85,-2313.55,-60.6,-545.975,27.625,52.45,22.625,18.75,-22.725,91.7,-5.95,bottom_obstruction
26.975,24.775,62.65,-130.825,52.65,33.825,-40.025,4.325,46.2,10.5,-56.85,1.6,-4.675,18.825,-86.475,-39.525,-5.95,4.075,-2.45,10.425,27.1,-4.3,-5.8,-6.475,-17.125,16.8,23.45,-42,-18.125,-6.375,-12.625,-0.15,-4,-21.25,-11.95,-5.975,-12.75,0,49.625,-3.75,4.8,-1.725,-5.275,4.45,24.7,7.375,6.125,-3,-24.65,1.625,-69.725,-1.55,-21.25,-1.775,-6.15,0.45,17.075,-10.05,-11.325,0.9,1.5,-2.625,10.8,-2,20.675,-4.475,90.675,11.375,88.25,6.175,232.25,-48.625,35.275,3.725,40.975,-3.075,-11.775,-4.025,13.5,-4.25,9.05,-19.8,0.675,-3.875,11.75,-6.625,18.75,-22.725,-15.7,-5.95,collision_in_part
51.125,-59.475,-335.15,48.975,-51.55,20.275,51.375,-69.075,-293,51.5,-78.75,29.2,41.625,-57.375,-232.125,45.575,-77.35,33.025,19.45,-65.925,-292.5,113.9,-145,44.275,41.775,-45.6,-310.75,-42,-74.675,5.475,82.375,-44.35,-510.4,-65.15,-93.25,-5.975,77.55,-84,-714.125,-3.75,-184.4,22.075,214.775,-44.45,24.7,46.475,285.075,-3,114.15,-39.625,77.425,37.85,151.25,-1.775,85.55,-47.15,17.075,64.85,132.875,0.9,95.5,-23.275,10.8,28,102.975,-4.475,23.525,11.375,88.25,6.175,38.25,-4.375,35.275,3.725,40.975,-3.075,31.375,-4.025,13.5,-4.25,9.05,21,0.675,-3.875,-28.95,-6.625,18.75,-22.725,-15.7,-5.95,bottom_collision
2.825,7.925,62.65,-40.925,-51.55,-6.825,-17.175,-14.025,46.2,10.5,-13.05,-7.6,18.475,18.825,59.175,-124.625,-41.65,4.075,-2.45,-15.025,27.1,-4.3,-5.8,-6.475,12.325,48,23.45,-110,38.425,-6.375,11.125,-0.15,164.8,-21.25,-11.95,-5.975,-12.75,0,49.625,-24.25,-29.6,-7.675,-29.725,4.45,24.7,-12.175,-33.725,-11.4,10.05,1.625,77.425,-21.25,-21.25,-1.775,6.95,-11.45,17.075,0.65,-11.325,-11.5,1.5,18.025,10.8,-32,-20.475,-17.025,23.525,-10.075,88.25,6.175,-10.25,-4.375,-30.375,-19.225,40.975,-3.075,-11.775,-4.025,13.5,22.85,9.05,-60.6,0.675,-3.875,11.75,-6.625,18.75,-22.725,-15.7,-5.95,collision_in_part
-45.475,-8.925,62.65,4.025,0.55,-6.825,-40.025,4.325,46.2,-30.5,-78.75,-16.8,-4.675,-0.225,59.175,3.025,-41.65,-5.575,-2.45,10.425,27.1,-4.3,-5.8,-6.475,12.325,-14.4,23.45,26,-18.125,-6.375,-12.625,-0.15,164.8,-21.25,-11.95,-5.975,-12.75,0,49.625,-24.25,-12.4,-7.675,-5.275,-11.85,24.7,7.375,-33.725,-3,10.05,1.625,77.425,-1.55,13.25,-1.775,-6.15,0.45,17.075,0.65,-11.325,-5.3,1.5,-2.625,10.8,-2,-20.475,-4.475,23.525,11.375,88.25,6.175,-10.25,-4.375,-30.375,3.725,40.975,-3.075,-11.775,-4.025,13.5,-4.25,9.05,21,-41.375,-3.875,11.75,-6.625,18.75,-22.725,-15.7,-5.95,collision_in_part
-21.325,24.775,62.65,-85.875,0.55,-20.375,28.525,22.675,46.2,10.5,52.65,20,18.475,-19.275,59.175,3.025,29.75,-5.575,-2.45,-15.025,27.1,35.1,-5.8,-6.475,12.325,-14.4,23.45,26,-18.125,-6.375,-12.625,-0.15,-4,-21.25,15.15,-5.975,-12.75,0,49.625,-3.75,4.8,-1.725,-5.275,4.45,24.7,7.375,6.125,-3,10.05,1.625,77.425,-1.55,13.25,-1.775,-6.15,0.45,17.075,0.65,-11.325,-5.3,1.5,-2.625,10.8,-2,20.675,-4.475,23.525,11.375,88.25,6.175,-10.25,-4.375,-30.375,3.725,40.975,-3.075,-11.775,-4.025,13.5,-4.25,9.05,-19.8,0.675,-3.875,11.75,-6.625,18.75,-22.725,-15.7,-5.95,collision_in_part
